text,trans
雛菜がなんとかしてあげる～～～♡,히나나가 어떻게든 해줄게~~♡
プロデューサーさま……,프로듀서님……
"プロデューサーさん、わ、わたし……！
もっと上手く歌えるように頑張りたいので……","프로듀서님 저, 저……!
노래를 더 잘 부를 수 있도록 열심히 하고 싶어서……"
"わぁ……すごい……
歌が上達した気がします……！","와…… 굉장해……
노래 실력이 향상된 것 같아요……!"
"あ、いえ、このくらいできて当然ですけど……！
や、約束守ってくれて、あ、ありがとうございました……","아, 아뇨, 이 정도는 당연한 거지만요……!
야, 약속 지켜주셔서, 가, 감사합니다……"
"プロデューサーさん、あの……
ぼ、ボーカルレッスンは……","프로듀서님, 저기……
보, 보컬 레슨은……"
つ、次は頑張らせてくださいね……,"다, 다음엔 노력해서 잡아주세요……"
"ぴぇ……ご、ごめんなさい
あまり上手くできませんでした……","삐에……죄, 죄송해요
잘하지 못했어요……"
つ、次は頑張ります……！,"다, 다음엔 열심히 할게요……!"
"プロデューサーさん、わ、わたし……！
もっと上手く踊れるように頑張りたいので……","프로듀서님 저, 저……!
춤을 더 잘 출 수 있도록 노력하고 싶어서……"
"わぁ……やった……
ダンスが上達した気がします……！","와…… 해냈다……
댄스 실력이 향상된 것 같아요……!"
"あ、いえ、このくらい普通ですけど……！
や、約束守ってくれて、あ、ありがとうございました……","아, 아뇨, 이 정도는 당연한 거지만요……!
야, 약속 지켜주셔서, 가, 감사합니다……"
"プロデューサーさん、えっと……
だ、ダンスレッスンは……","프로듀서님, 저기……
대, 댄스 레슨은……"
や、やる気十分だったのに……,"의, 의욕만만이었는데……"
"プロデューサーさん、わ、わたし……！
もっと上手にお化粧できるように頑張りたいので……","프로듀서님, 저, 저……!
화장을 더 잘할 수 있도록 노력하고 싶어서……"
"わぁ……えへへ……
お化粧が上達した気がします……！","와…… 에헤헤……
화장을 더 잘할 수 있게 된 거 같아요……!"
"あ、いえ、な、なんでもないです……！
や、約束守ってくれて、あ、ありがとうございました……","아, 아뇨, 아, 아무것도 아니에요……!
야, 약속 지켜줘서 가, 감사합니다……"
"プロデューサーさん、その……
び、ビジュアルレッスンは……","프로듀서님, 그……
비, 비주얼 레슨은……"
わ、わたしどうしたら……,"ㅈ, 제가 어떻게 해야……"
"あ、あの……
学校で課題がたくさん出たので……！","저, 저기……
학교에서 과제가 많이 나와서요……!"
課題も終わって、リフレッシュもできました……！,"과제도 끝내고, 리프레쉬도 했어요……!"
ま、また明日からレッスン頑張ります……！,"다, 다시 내일부터 레슨 열심히 할게요……!"
"あ、あれ……
お休み……だったような……","어, 어라……
휴식……이었던 것 같은데……"
か、課題……どうしよう……,"과, 과제…… 어떡하지……"
あ、ありがとうございます……！,"가, 감사합니다……!"
そ、そうですよね……！,"그, 그렇겠죠……!"
二週間後にボーカルレッスンがしたいです……！,2주 후에 보컬 레슨 하고 싶어요……!
一週間後にダンスレッスンしてもいいですか……！,일주일 뒤에 댄스 레슨을 하고 싶어요……!
一週間後、ビジュアルレッスン受けてもいいですか……！,일주일 뒤에 비주얼 레슨 받아도 될까요……!
一週間後にお休みをしてもいいですか……？,일주일 뒤에 휴식해도 괜찮을까요……!
なんか、上手くいかなくて,"왠지, 잘 안돼서"
──ごめんね,──미안해
見てた？,봤어?
"ふふっ。ちょっとやれてたでしょ
レッスンのこと、ありがと","후훗. 좀 잘했지
레슨, 고마워"
"あれ
ダンスレッスン、ないの？","어라
댄스 레슨, 없어?"
"……そっか
河原とか、行こうかな","……그렇구나 
강변이나, 가볼까"
あー……,아ー……
ふふっ\nわりと楽しみにしてた,후훗\n은근히 기대하고 있었어
"家のこと
手伝わなきゃだったんだ","집안일
도와줘야 했거든"
"ありがと
布団、干せたよ","고마워
이불, 다 널었어"
──あ、プロデューサーのせいじゃないよ,"──아, 프로듀서 탓이 아니야"
"気にしないで
仕事だし","신경쓰지 마
일이잖아"
"──あ、プロデューサー
今日、声出てたでしょ","──아, 프로듀서
오늘, 목소리 괜찮았지?"
"ありがと
レッスン入れてもらえてよかった","고마워
레슨 넣어줘서 다행이었어"
"…………
ボーカルレッスン、できないってことか","…………
보컬 레슨, 못 하는 거구나"
まぁいいや……,뭐 괜찮아……
"いつも
すぐ取りたくなっちゃうけど","항상
바로 지우고 싶어지지만"
──どう？　メイク,──어때? 메이크업
"──やっぱり、
ちょっとアレだったよね今日","──역시, 
조금 그렇네 오늘"
"二週間後ボーカルレッスン
入れてほしいな","이주일 뒤 보컬 레슨
넣어줬으면 좋겠네"
"あ、いいの？
ふふっ、ありがと","아, 괜찮아?
후훗, 고마워"
"あ、うん。わかってたよ
……ごめんね、急に","아, 응. 알았어
……미안해, 갑자기"
"メイク薄いよって言われたんだよね
──お母さんが言うなって感じだけど","맨얼굴이랑 별 차이 없다는 말 들었어
──엄마가 할 말은 아닌 거 같지만"
"一応、ビジュアルレッスン入れたいんだけど
一週間後どうかな","일단, 비주얼 레슨을 넣고 싶은데
1주일 후에 어떨까"
"あ、いいの？
ふふっ、ありがと","아, 괜찮아?
후훗, 고마워"
"あ、うん。わかってたよ
……ごめんね、急に","아, 응. 알고 있었어
……미안해, 갑자기"
"ねぇ、休みの希望って
出しても平気？","저기, 휴식 요청해도
괜찮을까?"
"スケジュールが大丈夫そうだったら
二週間後休めないかな","스케줄이 괜찮을 것 같으면
이주일 뒤에 쉴 수 없을까"
"あ、いいの？
ふふっ、ありがと","아, 괜찮아?
후훗, 고마워"
"あ、うん。わかってたよ
……ごめんね、急に","아, 응. 알고 있었어
……미안해, 갑자기"
"ボーカルレッスン終わりました
上達……？　さあ、どうでしょうね","보컬 레슨 끝났어요
진전……? 글쎄요, 어떠려나요"
"講師の方には褒めてもらえるので、
まあまあなんじゃないですか","강사 분들한테는 칭찬받을 수 있었으니까,
그럭저럭 아닐까요"
今回はダメでしたね,이번엔 잘 안됐네요
という報告です。お疲れ様でした,그렇다는 보고였어요. 수고하셨습니다
"ビジュアルレッスン終わりました
今回はスキンケアと、目元のメイクと──","비주얼 레슨 끝났어요
이번에는 스킨케어랑, 눈화장이랑──"
"……感想とかやめてもらえます？
あなたのためじゃないので","감상같은 거 말하지 말아주실래요?
당신 보라고 한 게 아니니까요"
ああ、そう,"아, 그래요?"
……ふうん,……흐응
"はい、ゆっくりと休めました
……これ以上のことはプライベートなので","네, 푹 쉬었어요
……이 이상은 프라이빗이라"
ふぁ、ねむ……,"후아, 졸려……"
約束を忘れるとか、ないですね,약속을 잊어버렸다든가 한 거 아니겠죠
……本当ありえない,……정말 말도 안 돼
"ダンスレッスン終わりました
特に問題ありません","댄스 레슨 끝났어요
딱히 문제는 없었어요"
……ふう、シャワー浴びたい,"……후우, 샤워하고 싶다"
ねえ、ミスター・馬車馬,"저기요, 미스터 일중독"
"あなたと違って、人間には休みが必要なんです
言葉……わかります？","당신과 달리, 인간에게는 휴식이 필요해요
무슨 말인지…… 아시겠어요?"
ここは本当にいい事務所ですね,여긴 정말로 좋은 사무소네요
約束のひとつも守れない社員をクビにしないなんて,약속 하나 지키지 못 하는 사원을 자르지 않고 있다니
あ、そうだ,"아, 그렇지"
二週間後、ビジュアルレッスンにできますか,이주일 후에 비주얼 레슨 잡아주실 수 있나요
では、よろしくお願いします,"그럼, 잘 부탁드리겠습니다"
"はい、わかりました
あなたが無能だということが","네, 잘 알겠네요
당신이 무능하다는 걸"
"お疲れ様！
どうだった？","수고했어!
어땠어?"
別に、普通です,"딱히, 평범했어요"
ははっ、円香らしい感想だな,"하핫, 마도카다운 감상이네"
……ワンパターンみたいに言われるのも癪ですね,……원 패턴이라는 듯이 말하는 것도 화가 나네요
"お、それじゃあ他の感想は？
円香が思ったことや感じたこと、教えてくれ","오, 그럼 다른 감상은?
마도카가 생각한 거나 느꼈던 것, 알려줘"
…………,…………
秘密です,비밀이에요
"えっ、ずるいぞ
今度はそういうパターンなのか？","에, 치사하네
이번엔 그런 패턴이야?"
"ずるい？　ふふ、かわいらしい語彙力
小学生よりも稚拙な煽りしかできないんですね","치사해? 후후, 귀여운 어휘력이네요
초등학생보다 치졸한 도발 밖에 못하나 보네요"
"いやいや！　ええと……
うん、話したくなったら、いつでも話してくれていいからな","아니아니! 그……
응, 얘기하고 싶어지면, 언제라도 얘기해줘도 되니까"
はい、とっても大人な対応をありがとうございます,"네, 무척 어른스러운 대응 고맙습니다"
"透、お疲れ様
なんていうか……堂々としてたよ","토오루, 수고했어
뭐랄까…… 당당하더라"
ふふっ、ありがと,"후훗, 고마워"
"いや、うん……
半分は褒めてるんだけど──","아니, 응……
반은 칭찬하는 건데──"
"カメラに抜かれた時に
ぼんやりしてるのは、ちょっとな","카메라에 비춰졌을 때
멍하니 있었던 건, 조금 그랬지만"
あー、うん,"아ー, 응"
"今日はさ、ウケてたから問題ないけど
ピリッとしちゃうこともあるからな？","오늘은 말야, 잘 먹혀서 문제는 없었지만
따끔하게 혼날 때도 있으니까 조심해?"
"うん
まぁ、ぼんやりしてたっていうか……","응
뭐, 멍하니 있었다고 할까……"
ん？,응?
考え事してたんだけどね,조금 생각을 하고 있었던 거뿐이지만 말야
"……はは
見た目はそんなに変わらないからな？","……하하
겉보기로는 별반 차이가 없으니까 말이지?"
ああ、そうだな！,"아아, 그렇구나!"
プロデューサーさん、\n甘奈がなんとかしておくねっ,"프로듀서님, \n아마나가 어떻게든 해둘게"
では、そろそろお仕事に移ってもらいましょうか,"그럼, 슬슬 업무로 돌아올까요?"
最初にプロデュースするアイドルを選んであげてください♪,처음으로 프로듀스할 아이돌을 선택해 주세요♪
ありがとうございますっ,감사합니다
私がなんとかしておきます……,제가 어떻게든 해둘게요……
大丈夫です、あたしに任せてください！,"괜찮아요, 저한테 맡겨주세요!"
プロデューサーさん、私がなんとかしてみますねっ,"프로듀서님, 제가 어떻게든 해볼게요"
さっすが～！　やるぅ♪\nうち、ご褒美あげちゃおっかなぁ,"과연~!꽤 하네♪\n나, 상줄까나"
ちょい待ちちょい待ち～\nこれくらいサクッとわかるっしょ～,잠만 기달 잠만 기달~\n이 정돈 착 하고 알아야지~
せいか～い！　すごか～\nなんでわかったと！？　んふふ～、うれしか……,"정~답! 굉장혀~\n어케 알았당가!? 응후후~, 기쁘구마……"
ふぇ～！　はずればい……\nうちの声とか～、手とか～わからんかったと～……？,"후에~! 틀렸구마……\n내 목소리라든가~, 손이라든가~ 몰랐당가~……?"
正解よ！　でも当然よね\n私だって絶対わかるもの……アナタのこと,정답이야! 하지만 당연한 거지\n나라도 무조건 알 수 있을걸…… 너라면
残念……私のことわからなかったかしら？\nそれは……少し寂しいわね,유감이야…… 나인줄 몰랐던 걸까?\n그건…… 조금 섭섭한걸
ふふ……\nはい……ここに……,후후……\n네……여기에……
──は、はい……！　その……\n当たりで……ございます…………,"──네, 네……!그게……\n맞혔……사옵니다…………"
あははっ\n簡単すぎたねっ！,아하핫\n너무 간단하지!
残念！　めぐるだよー！,유감! 메구루야-!
な、なんで……\nわかったの……！？,"어, 어떻게……\n알았어……!?"
やった……！\n甜花の、勝ち……！！,"야호……! \n텐카의, 승리……!!"
ま、当然よね\n外したらどうしてやろうかって考えてたとこだったわ,"뭐, 당연하지\n틀렸다면 어떻게 해줄까 생각하고 있던 참이었어"
はい残念でした\n罰ゲーム決定ね,네 유감입니다\n벌게임 결정이네
えへへっ当たりですっ！\nプロデューサーさんに、おかしをおすそわけですっ！,"에헤헷 맞췄어욧!\n프로듀서님에게, 과자를 나눠드릴게요!"
はずれですっ！　プロデューサーさんにも\nわからないことがあるんですね！　えへへっ,꽝이에욧! 프로듀서님에게도\n모르는 것이 있는거군요! 에헤헷
正解っす\nうーん……簡単すぎたっすか？,정답임다\n으-응…… 너무 간단했슴까?
あさひっす～！\nけど、どうして間違えたっすか？　教えてほしいっす！,"아사히임다~! \n하지만, 어째서 틀렸슴까? 가르쳐주셨음 함다!"
せ、正解……だから\n……ん、お菓子やる。ハロウィンだしな,"저, 정답……그러니까\n……음, 과자줄게. 할로윈이고"
はずれ……！　って、\nわざと間違えただろ、プロデューサー！,"꽝……!이랄까,\n일부러 틀린거지, 프로듀서!"
もう～、最後まで言わせてください……！\n千雪です,"정말~, 마지막까지 말하게 해 주세요……!\n치유키에요"
……もう。フライングで間違えるなんて\nひどいです、プロデューサーさん！,"……정말. 다 듣지도 않고 말해서 틀리다니\n너무해요, 프로듀서님!"
お見事！　正解です！\nプロデューサーさんには簡単な問題すぎましたかね……！？,훌륭해! 정답이에요!\n프로듀서님에겐 너무 간단했었나요……!?
惜しい！　正解は園田智代子でした！\n次はきっと当ててくださいね！,아깝다! 정답은 소노다 치요코였습니다!\n다음엔 꼭 맞혀주세요!
プロデューサーが間違えるわけないですよね……！,프로듀서가 틀릴 리가 없겠죠……!
すっすみません……！\n今の、忘れてください,"죗 죄송합니다……! \n지금껀, 잊어주세요"
正解っ☆　甘奈でした～！\nプロデューサーさんなら当ててくれるって、信じてたよ☆,"정답☆아마나였습니다~! \n프로듀서님이라면 맞혀줄거라고, 믿고 있었어☆"
えっ……？　\n本当にわからなかったわけじゃない……よね……？,엣……?\n정말로 몰랐던 거는 아니……겠지……?
はい……\nわたし……です……♪,네……\n저……예요……♪
ふふ……ふふふっ……！\nもう一回……です……！,후후……후후훗……! \n한번 더……에요……!
正解ですー\n……んー、正解ってなんか物足りないですねー,"정답이에요ー\n……음ー, 정답이라니 뭔가 어딘지 부족하네요ー"
ふふー、ハズレですー\nバツとして、お菓子一年分を要求しまぁす,"후후ー, 꽝이에요ー\n벌로써 과자 일년치를 요구합니다아"
さすが、大正解だ。声か、話し方か、それとも……\nなんて、理由を聞くのは野暮かな,"역시, 대정답이야, 목소리인가, 말투인가, 그게 아니면……\n랄까, 이유를 묻는건 멋없으려나"
おや、わからなかったかい？\nそれなら私の声をもっと聞き、もっと覚えてもらわないとね,"어머, 몰랐던거야?\n그렇다면 나의 목소리를 좀더 듣고, 좀더 기억해주지 않으면"
おおっ、最低限のヒントでよくできました！\nそう！　Ｐたんの三峰です！,"오옷, 최저한의 힌트로 잘 해냈네!\n그래! P땅의 미츠미네입니다!"
ありゃー、残念！　わかってもらえなかったかぁ\n三峰、悲しいな～,"어머ー, 유감! 몰라준건가아\n미츠미네, 슬프네~"
ほわぁ、正解です、プロデューサーさんっ\nあ……声で誰だかすぐわかっちゃいますよねっ,"호와아, 정답이에요, 프로듀서님\n아……목소리로 누군지 바로 아신거군요"
……その、ハズレなんです……\n……急に目隠ししちゃってすみませんでした……っ,"……그게, 틀렸어요……\n……갑자기 눈 가려버려서 죄송했어……욧"
ふう……,후우……
はい……,네……
そ、そっか……,"그, 그렇구나……"
うーん……,으음 ……
ありがとうございます！,고맙습니다!
あー！,아!
おおっ……！,오오……!
もちろん！,당연하지!
え？,네?
ええ！,그래!
え！？,뭐!?
はーい！,네!
それ、って……,그건……
ふふ……,후후……
……ふふ,후후……
は、はい……！,"네, 네……!"
……っ……,……읏……
ええ！？,에에!?
は、はい!,"ㄴ, 네!"
"やは～～～！
プロデューサー！","야하~~~!
프로듀서!"
"雛菜、
よかったよね～～～？","히나나,
잘했지~~~?"
うん、すごくよかったよ雛菜,"응, 엄청 잘했어, 히나나"
"あは～、やっぱり～！
雛菜もそう思う～～～！","아하~, 역시~!
히나나도 그렇게 생각해~~~!"
"だって雛菜、
すっごく楽しくてしあわせ～だったから","히나나,
엄청 즐겁고 행복~했으니깐"
……そうか,……그렇구나
"だからきっとみんなも
楽しくてしあわせ～になったよね～？","그러니까 분명 다들
즐겁고 행복~해졌겠지~?"
ああ、なったよ,"응, 그렇게 됐어"
"ん～～～
やっぱり雛菜、アイドルに向いてるかも～","음~~~
역시 히나나, 아이돌에 어울릴지도~"
"みんな雛菜のこと見て
しあわせ～ってなったらいいのにね～？","다들 히나나를 보고
행복~해졌으면 좋겠는데 말야~?"
"雛菜が今よりもっとかわいくなっちゃったら
プロデューサー、どうする～？","히나나가 지금보다 더욱 귀여워져버리면
프로듀서는, 어떻게 할거야~?"
あは～、一週間後ビジュアルレッスンさせて～？,"아하~, 1주 후 비주얼 레슨 시켜줘~?"
"やは～♡
ありがとうございます～～～","야하~♡
고맙습니다~~~"
"あは～
そっか、じゃあいいや～","아하~
그렇구나, 그럼 됐어~"
"やは～♡
歌、上手くなったよ～～～！","야하~♡
노래를 잘하게 되었어~~~!"
"ね、雛菜歌うから
プロデューサー、聴いてくれる～？","저기, 히나나 노래할테니까
프로듀서, 들어줄래~?"
"え～～～
ボーカルレッスンだったのに～……","에~~~
보컬 레슨이었는데……"
"約束したよね？
なんで～～～？","약속했잖아?
왜~~~?"
"ん～？
あんまり上手くいかなかったかも～……","음~?
그다지 잘하지 못 한 것 같아~……"
"でも楽しかったからいいや～
また次頑張ろう～、ね？","그치만 즐거웠으니까 됐어~
다음에 다시 열심히 할게~, 응?"
"え～～～
ダンスレッスンの約束は～？","에~~~
댄스 레슨 약속은~?"
"あは～、雛菜もうレッスンいらないくらい
上手ってこと～～～？","아하~, 히나나 더 이상 레슨 필요 없을 정도로
잘 한다는 뜻이야~~~?"
"やは～♡
雛菜、もっとかわいくなった～～～！","야하~♡
히나나 더 귀여워졌어~~~!"
"プロデューサー、どう～？
今の雛菜がいちばんかわいいでしょ～？","프로듀서, 어때~?
지금 히나나가 제일 귀엽지~?"
"え～～～
雛菜のお休みは～～～？","에~~~
히나나의 휴식은~~~?"
"あは～、
そんなに雛菜に会いたかったの～？","아하~,
그렇게까지 히나나를 만나고 싶었던 거야~?"
"やは～♡
ダンス、もっと上手くなった～～～！","야하~♡
댄스 더 잘 추게 됐어~~~!"
"は～い、じゃあ
プロデューサーは褒めて～？","자~, 그럼
프로듀서, 칭찬해줄래~?"
"え～～～
ビジュアルレッスンでしたよね～？","에~~~
비주얼 레슨이었었지~?"
"ん～、雛菜
これ以上かわいくならない方がいい～？","음~, 히나나
이 이상 귀여워지지 않는 게 나아~?"
ん～、お休みさいこ～～～♡,"음~, 휴식 최고~~~♡"
"雛菜また頑張れそう～～～！
プロデューサー、ありがとうございます～","히나나 다시 열심히 할 수 있을 것 같아~~~!
프로듀서, 고맙습니다~"
二週間後、ビジュアルレッスンさせて！,"2주일 후에, 비주얼 레슨 시켜줘!"
二週間後、休んでもいい？,"2주일 후, 쉬어도 될까?"
一週間後、休んでもいい？,"1주일 후, 쉬어도 될까?"
一週間後、休めたりするっすか？,"1주일 후에, 쉬어도 되겠슴까?"
今週、休めたりするっすか？,"이번 주, 쉬어도 되겠슴까?"
二週間後、休めたりするっすか？,"2주일 후에, 쉬어도 되겠슴까?"
研究！　したいっす！\r\nどうしても気になることがあるんす！,연구! 하고 싶슴다!\r\n아무래도 신경이 쓰이는 게 있슴다!
二週間後は休ませて\n体はアイドルの資本なんだから,2주일 후는 쉬게 해줘\n몸은 아이돌의 자본이니까
一週間後、ビジュアルレッスンしてい～い？,"일주일 후, 비주얼 레슨 해도 괜찮아~?"
ねえ、二週間後にボーカルレッスンしてもいい?,"저기, 2주일 후에 보컬 레슨 해도 돼?"
一週間後は休ませて\r\n体はアイドルの資本なんだから,일주일 후에 쉬게 해줘\r\n몸은 아이돌의 자본이니까
二週間後、ビジュアルレッスンしたいっす！,"2주일 후, 비주얼 레슨 하고 싶슴다!"
あっちゃ～……やっちゃったっす～……,앗챠~…… 저질러 버렸슴다~……
プロデューサーさん、ごめんっす！,"프로듀서님, 죄송함다!"
二週間後、ビジュアルレッスンしてい～い？,"2주일 후, 비주얼 레슨 해도 괜찮아~?"
あ～、やっぱなんか物足りないカンジするわ～,"아~ , 역시 어딘가 부족한 느낌이 들어~"
次は頼むね～、プロデューサー,"다음은 부탁할게~, 프로듀서"
あ、ヤッバ！　今日誘われてたんじゃん！,"아, 위험해! 오늘 권유 받았었잖아!"
友達、ちょーおこなんだけど～……,"친구, 초ー화나 버렸는데~……"
プロデューサー、ちょい誘われちゃって\r\n断れない系でさ～,"프로듀서, 조금 권유 받아버렸는데\r\n거절할 수 없어서 말야~"
今週、休んでもいい？,"이번 주, 쉬어도 괜찮아?"
一週間後、ボーカルレッスンってできる～？,"일주일 후, 보컬 레슨 할 수 있어~?"
あ～、もうちょい体動かしたい系～,"아~, 조금만 더 몸을 움직이고 싶은 느낌~"
プロデューサー、今週ダンスレッスンしたいんだけど,"프로듀서, 이번 주에 댄스 레슨 하고 싶은데"
おっ、さすがプロデューサーじゃん♪,"옷, 역시 프로듀서네♪"
え～、無理なん？\r\nま、しゃーないか～,"에~ , 무리야?\r\n뭐, 어쩔 수 없지~"
いや～、ちょーヤバかった！,"이야~ , 초ー위험했네!"
愛依、お疲れ様\r\nやっぱりカメラがあると緊張するよな,"메이, 수고했어\r\n역시 카메라가 있으면 긴장하는구나"
いや、それもそうかもだけどさ～,"아니, 그것도 그렇지만 말야~"
んなことより、あっちこっちに\r\n有名な人、いまくりで！,"그런 것보다, 여기저기에 \r\n유명한 사람, 잔뜩이라서!"
心臓のバクバク、これ緊張なのか\r\nテンション上がってんのかわかんないわ～,"심장의 두근두근, 이건 긴장이려나\r\n텐션이 오르고 있는 건지 모르겠어~"
やっぱテレビってハンパないわ！,역시 텔레비전은 장난아니네!
まぁ、なんにせよ、大事もなく終わって良かったよ\r\nそろそろ帰ろうか,"뭐, 어쨌든, 무사히 끝나서 다행이야\r\n슬슬 돌아갈까"
だね～\r\nこれ以上ここにいたらどーにかなっちゃいそ～！,그렇지~\r\n이 이상 여기에 있으면 어떻게 될 것 같다구~!
うち、もっとアガるメイクテク覚えたいんだよね～,"나, 더 쩌는 메이크 테크닉 배우고 싶은데~"
今週、ビジュアルレッスンしてい～い？,"이번 주, 비주얼 레슨 해도 될~ 까?"
あ～あ、可愛くなるコツ、わかんなかったじゃん,"아~ 아, 귀엽게 보이는 요령, 모르게 됐잖아"
うちの可愛い姿、見れなくて残念だったね～,"내 귀여운 모습, 못 보게 돼서 유감이네~"
プロデューサー、一週間後ダンスレッスンしたいんだけど,"프로듀서, 일주일 후 댄스 레슨 하고 싶은데"
プロデューサー、二週間後ダンスレッスンしたいんだけど,"프로듀서, 이주일 후 댄스 레슨 하고 싶은데"
よっしゃ～、めっちゃ動いた～！,"좋았어~, 엄청 움직였다~!"
マジスッキリだわ！\r\nプロデューサー、サンキュ！,"진심 상쾌해졌어! \r\n프로듀서, 땡큐!"
プロデューサー、見てよ\r\nこのメイク、ちょーヤバくない？,"프로듀서, 봐봐\r\n이 메이크, 초ー쩔지 않아?"
マジアガるわ～\r\nプロデューサーもそう思うっしょ？,진심 쩌네~\r\n프로듀서도 그렇게 생각하지?
あの曲、もっといいカンジに歌いたいんだけどさ～,"그 곡, 좀 더 좋은 느낌으로 노래하고 싶은데 말야~"
今週、ボーカルレッスンってできる～？,"이번 주, 보컬 레슨 할 수 있어~?"
～♪\r\nどう、上手くなったっしょ～,"~♪\r\n어때, 능숙해졌지~"
今度カラオケでも歌おっかな～\r\nサンキュ！　プロデューサー,다음에 노래방에서도 노래해볼까~\r\n땡큐! 프로듀서
プロデューサー、どうだった？,"프로듀서, 어땠어?"
最近は少しずつだが、カメラを意識できていると思うぞ,"최근에는 조금씩이지만, 카메라를 의식할 수 있게 됐다고 생각해"
うん、そう思う,"응, 그렇게 생각해"
……ところで、もう普通にして大丈夫だぞ,"…… 그런데, 이제 평소처럼 해도 괜찮아"
っぷはぁ～、いやマジテレビって\r\n出る側のメンタルちょーヤバいよね～！,"푸하아~, 이야 진짜 TV는\r\n나오는 쪽의 멘탈 초ー위험하네~!"
うち、フツーにテレビ出れんの\r\nいつになっかな～？,"나, 평범하게 텔레비전에 나오는 건\r\n언제쯤이려나~?"
二週間後、ボーカルレッスンってできる～？,"2주일 후, 보컬 레슨으로 해줄 수 있어~?"
うちひとりで練習したんだけどさ～,나 혼자서 연습했는데 말야~
ひとりだとマジわかんないから\r\n次はヨロシクね～,혼자서 하면 진심 잘 모르겠으니까\r\n다음은 부탁할게~
もっとダンスレッスンをしたいですっ\r\n今週レッスンすることはできますか？,좀 더 댄스 레슨을 하고 싶어요 \r\n이번 주에 레슨 할 수 있을까요?
一週間後ダンスレッスン、準備してよね！！,"일주일 후 댄스 레슨, 준비한거 맞지!!"
ふゆはすっごく可愛いけど……\r\nこの可愛さに甘んじてちゃダメよね,후유는 굉장히 귀엽지만……\r\n이 귀여움에 응석부리면 안 되겠지
一週間後、ビジュアルレッスンさせて！,"일주일 후, 비주얼 레슨 시켜줘!"
決まりね！\r\n約束、絶対守りなさいよ！,"결정이네! \r\n약속, 꼭 지키도록 해!"
はあ……！？\r\n……次は絶対、ふゆの言ったとおりにしなさいよ！,"하아……!?\r\n……다음에는 꼭, 후유가 말한 대로 하라구!"
ち、違うの！\r\nこれは、その……その……,"다, 달라! \r\n이건, 그…… 그……"
……ごめんなさい\r\nレッスンさせてくれたのに……上手く、できなくて,"……미안해요\r\n레슨 시켜 줬는데…… 능숙하게, 하지 못해서"
ステージで目立つには、\r\nキレッキレのダンスが必要よね！,"스테이지에서 눈에 띄려면, \r\n빠릿빠릿한 댄스가 필요하겠지!"
二週間後にダンスレッスン、準備してよね！！,"2주일 후에 댄스 레슨, 준비해뒀겠지!!"
はー……お休み、満喫した♡,"하ー…… 휴일, 만끽했어♡"
あんたが仕事してるときに休みってのも\r\nなかなかに気分がよかったしね！,네가 일하고 있을 때 쉬는 날이란 것도\r\n꽤 기분이 좋았고 말야!
あー、もう……\r\n頑張りすぎてクタクタなんだけど,"아ー, 정말……\r\n너무 열심히 해서 기진맥진한데"
今週は休ませて\r\n体はアイドルの資本なんだから,이번 주는 쉬게 해줘\r\n몸은 아이돌의 자본이니까
ふふーん、今日のふゆ、なんかいつもと違うでしょ？\r\n鈍いあんたでも、それくらいわかるわよね？,"흐흥ー, 오늘의 후유, 어딘가 평상시와 다르지? \r\n둔한 너라도, 그 정도는 알겠지?"
レッスンの成果、バッチリって感じね！,"레슨의 성과, 확실하다는 느낌이네!"
ねえ、どうだったっ！？\r\nふゆの晴れ舞台、さいっこーだったでしょ！,"저기, 어땠어!? \r\n후유의 화려한 무대, 최고였지!"
ああ、堂々とした良いステージだったよ,"응, 당당해서 좋은 스테이지였어"
あははっ！　トーゼンよ！\r\nこのふゆが本気を出したんだもの！,아하핫! 당연하지! \r\n이 후유가 진심으로 했는걸!
……でも、もっと良いパフォーマンスだって、できた\r\nあんたも、そう思ってるでしょ,"……하지만, 더욱 좋은 퍼포먼스도, 할 수 있었어\r\n당신도, 그렇게 생각하고 있겠지"
冬優子……\r\n確かに、更に良いパフォーマンスになる余地はあった,"후유코……\r\n확실히, 더욱 좋은 퍼포먼스가 될 여지는 있었어"
けどそれは、今の冬優子が悪かったってわけじゃない\r\nこれから、もっと良い冬優子になれるって話だ,"하지만 그건, 지금의 후유코가 좋지 않았다는 게 아냐\r\n지금부터, 더 나은 후유코가 될 수 있다는 이야기야"
もっと良い冬優子……か\r\nあははっ！　見てみたいわね、それ,"더 나은 후유코…… 인가\r\n아하하! 보고 싶네, 그건"
もっともっと良い、最高の上を突っ走るふゆを……\r\nファンにも、スタッフにも見せつけてやる！,"더더욱 나은, 최고 그 이상을 질주하는 후유를……\r\n팬에게도, 스탭에게도 과시해 주겠어!"
その意気だぞ、冬優子！,"그 기개야, 후유코!"
なーに他人事っぽく言ってんのよ\r\nもちろんあんたにも、最高のふゆを見せてあげるんだから！,"뭘 남일처럼 말하고 있는 거야\r\n물론 너에게도, 최고의 후유를 보여줄 거니까!"
あー、あー……\r\nもう、声が上手く出ないんだけど,"아ー, 아ー……\r\n정말, 소리가 능숙하게 나오질 않는데"
ねえ、一週間後ボーカルレッスンしてもいい?,"저기, 일주일 후에 보컬 레슨 해도 괜찮아?"
らーらーらー\r\n……どう？　ふゆの美声！,라ー라ー라ー\r\n…… 어때? 후유의 미성!
みんなの前で披露できるのが楽しみね！,모두의 앞에서 선보이는 게 기다려지네!
今週、ビジュアルレッスンさせて！,"이번 주, 비주얼 레슨 시켜줘!"
ねえ、あんた\r\nなんかふゆに言うことない？,"저기, 너\r\n뭔가 후유에게 말할 거 없어?"
……はあ\r\nま、レッスンしなくても、ふゆは十分可愛いんだけど！,"……하아 \r\n뭐, 레슨 하지 않아도, 후유는 충분히 귀엽지만!"
ねえ、今週ボーカルレッスンしてもいい?,"저기, 이번 주 보컬 레슨 해도 돼?"
今週ダンスレッスン、準備してよね！！,"이번 주에 댄스 레슨, 준비해줘!!"
今日、トレーナーに褒められたの！,"오늘, 트레이너에게 칭찬받았어!"
なんか、今日は調子がいいわ！\r\nダンスレッスンのおかげね！,"왠지, 오늘은 상태가 좋아! \r\n댄스 레슨 덕분이네!"
冬優子、お疲れ様\r\nどうだった？,"후유코, 수고 했어\r\n어땠어?"
なんだか、ドキドキして……\r\n夢でも見てたみたいです……,"뭔가, 두근두근 해서……\r\n꿈에서 봤던 것 같아요……"
はは、夢みたいか\r\nでも、冬優子は立派にステージをこなしたんだぞ,"하하, 꿈 같은 거구나\r\n하지만, 후유코는 훌륭하게 스테이지를 소화했다구"
本当ですか？\r\nふゆ……ちゃんとできてましたか？,정말인가요? \r\n후유…… 제대로 했던 건가요?
ああ、もちろんだ\r\nきっと、色んな人に冬優子の笑顔が届くぞ,"그럼, 물론이야\r\n분명, 여러 사람에게 후유코의 미소가 닿았을 거야"
色んな人に……\r\nえへへっ！　本当にそうなったら嬉しいです！,여러 사람에게……\r\n에헤헷! 정말로 그렇게 되면 기쁘겠네요!
ふゆ、もっと色んな人に笑顔を届けたいです！\r\nそれで、みーんなに笑顔になってもらえたら……,"후유, 좀 더 여러 사람에게 미소를 전하고 싶어요! \r\n그래서, 모두를 미소짓게 만들 수 있다면……"
ふゆ、とってもとっても、嬉しいなって！,"후유, 무척 무척, 기쁠 텐데 말이죠!"
（冬優子の願いが叶うように……\r\n俺ももっと頑張らないとな！）,( 후유코의 소원이 이루어질 수 있도록……\r\n나도 좀 더 노력해야 해! )
この前、自分が出ている番組、\r\nまとめて見返してみたんすよ！,"이전에, 제가 나오는 방송, \r\n정리해서 다시 봤슴다!"
大事なことだな,소중한 거구나
それで、あさひのことだ\r\n何か新しい発見があったんだろう？,"그래서, 아사히의 일이니까\r\n뭔가 새로운 발견이 있던 거지?"
はいっす！\r\nカメラに映った時の自分と普段の自分,맞슴다! \r\n카메라에 비쳤을 때의 자신과 평상시의 자신
なんであんなに違って見えるんすかね,어째서 그렇게 달라 보일까요
今度カメラを分解してみようと思うっす！,이번에 카메라를 분해 해보려고 생각함다!
お、おぉ、いいんじゃないか,"오, 오오, 괜찮잖아"
歌いたいっす！　プロデューサーさん！,노래하고 싶슴다! 프로듀서님!
二週間後、ボーカルレッスン、お願いしたいっす！,"2주일 후, 보컬 레슨, 부탁하고 싶슴다!"
やったっす～！　今からワクワクっす～♪,해냈슴다~! 벌써부터 두근두근함다~ ♪
え～！　つまんないっす～！\r\nむ～……,에~! 재미없슴다~! \r\n무~……
昨日テレビ見てたんすよ！\r\nそしたらやってたんすよ！　すごいダンス！,어제 TV 봤슴다! \r\n그랬더니 하고 있었슴다! 굉장한 댄스!
ダンスレッスン、一週間後にやっていいっすか？,"댄스 레슨, 일주일 후에 해도 괜찮슴까?"
ダンスレッスン、二週間後にやっていいっすか？,"댄스 레슨, 2주일 후에 해도 괜찮슴까?"
うーん……今回はダメだったっすね……,으ー음……이번엔 안됐던 검다……
そんなに気を落とさなくていいぞ\r\n長くやっていればこういうこともあるさ,그렇게 낙심하지 않아도 괜찮아\r\n긴 시간동안 하다보면 이런 일도 있는거야
プロデューサーさんはなんだと思うっすか？,프로듀서님은 뭐라고 생각함까?
今回ダメだった原因\r\nわたしはやっぱりアピールのタイミングだと思うっす,이번에 안됐던 원인\r\n저는 역시 어필의 타이밍이라고 생각함다
確かに、今回のあさひは少しアピールをするタイミングが\r\nいつもと違ってたな,"확실히, 이번 아사히는 조금 어필을 하는 타이밍이\r\n평상시와는 달랐지"
そうなんすよ、変えてみたんすけど\r\n上手くいかなかったみたいっす,"맞슴다, 바꿔 본 거지만\r\n잘 되지 않았던 것 같슴다"
次の方法を考えないとダメっすね,다음 방법을 생각하지 않으면 안되겠네요
プロデューサーさん、ごめんっす！\r\nひとりで試してみたら転んじゃったっす,"프로듀서님, 죄송함다! \r\n혼자서 시험해 봤더니 넘어져 버렸슴다"
足、ちょっとだけ痛むっすね……,"다리, 조금이지만 아픔다……"
任せて……ください\r\nプロデューサーさん……！,맡겨…… 주세요\r\n프로듀서님……!
『可愛い』ってすっごく深いっす……！,『귀여움』이란 건 굉장히 심오함다……!
プロデューサーさん、ありがとっす！\r\n今度『可愛い』について語りたいっす！,"프로듀서님, 감사함다! \r\n이번엔 『귀여움』에 대해서 말하고 싶슴다!"
すごかったっすね！　プロデューサーさん！,굉장했슴다! 프로듀서님!
お、おお、急にどうしたんだ,"오, 오오, 갑자기 무슨일이니"
見たことがない機械がいっぱいだったっすよ～！,본 적이 없는 기계가 가득했슴다~!
見慣れないと新鮮だよな,낯설면 신선하구나
はいっす！\r\nプロデューサーさん、もう１回、見てきていいっすか！,"맞슴다! \r\n프로듀서님, 한번 더, 보고 와도 괜찮슴까!"
あ、ああいいけど迷惑にならないように──,"아, 응 괜찮지만 민폐는 끼치지 않도록──"
やったっす～！　じゃあ見てくるっす！,좋았슴다~! 그럼 보고 오겠슴다!
あ！　ちょっと待てって！,아! 조금 기다리라니까!
（これじゃ、出演の感想を言うどころじゃないな……）,"(이래서야, 출연의 감상을 말할 분위기가 아니네……)"
今週、ボーカルレッスン、お願いしたいっす！,"이번 주, 보컬 레슨, 부탁드리고 싶슴다!"
思いっきり歌ったら、声の通りがよくなったって\r\n褒められたっすよ！,"마음껏 노래했더니, 소리의 느낌이 좋아졌다고\r\n칭찬받았슴다!"
プロデューサーさんが予定、組んでくれた\r\nおかげっすね！,"프로듀서님이 예정을, 짜 준\r\n덕분임다!"
『可愛い』って何なのか、もっと知りたいっす！,"『귀여움』이란 건 뭔지, 더욱 알고 싶슴다!"
一週間後、ビジュアルレッスンしたいっす！,"일주일 후, 비주얼 레슨 하고 싶슴다!"
一週間後、ボーカルレッスン、お願いしたいっす！,"일주일 후, 보컬 레슨, 부탁하고 싶슴다!"
あ～、歌いたいっす～！\r\nプロデューサーさん、歌いたいっす～！,"아~ , 노래하고 싶슴다~! \r\n프로듀서님, 노래하고 싶슴다~!"
ここで歌っちゃってもいいっすか！？,여기서 노래해 버려도 괜찮슴까!?
ダンスレッスン、今週やっていいっすか？,"댄스 레슨, 이번 주 해도 됨까?"
踊れるようになったっす！　テレビで見たダンス！,춤출 수 있게 됐슴다! 텔레비전에서 본 댄스!
もしかしたら、自分のダンスにも生かせるかもっすね……\r\nありがとっす、プロデューサーさん！,"어쩌면, 제 댄스에도 살릴 수 있을지도 모르겠슴다……\r\n감사함다, 프로듀서님!"
今週、ビジュアルレッスンしたいっす！,"이번 주, 비주얼 레슨이 하고 싶슴다!"
うーん……『可愛い』の謎は深まるばかりっすねぇ……,으ー음……『귀여움』의 수수께끼는 깊어지기만 하는 검다……
プロデューサーさんっ、私、\r\nもっと大きな声が出せるようになりたくて……,"프로듀서님, 저, \r\n좀 더 큰 목소리를 내고 싶어요……"
今週にボーカルレッスンがしたいです,이번 주에 보컬 레슨이 하고 싶어요
今週ボーカルレッスンがしたいです,이번 주 보컬 레슨이 하고 싶어요
そうですか……わかりました,그런가요…… 알겠습니다
ほわぁ、たくさん歌いました,"호와아, 잔뜩 노래했어요"
声が出やすくなった気がしますっ\r\n約束守ってくれてありがとうございました,목소리가 더 잘 나오는 기분이에요 \r\n약속을 지켜주셔서 감사합니다
ほわ……、レッスンできませんでした……,"호와……, 레슨 못 했어요……"
今度はお願いしますねっ,다음엔 부탁드릴게요
あまり成果が出ませんでした……,별로 성과가 없었어요……
次はもっと頑張りますね,다음엔 좀 더 노력할게요
プロデューサーさん\r\n私、ダンスの動きにキレがない気がして……,"프로듀서님 \r\n저, 댄스 출 때 각이 안잡히는 것 같아요……"
もっとダンスレッスンをしたいですっ\r\n今週にレッスンすることはできますか？,좀 더 댄스 레슨이 하고싶어요\r\n이번 주에 레슨을 받을 수 있을까요?
ほわぁ、たくさんダンスしました,"호와, 잔뜩 춤을 췄어요"
動きにキレが出てきたように思います\r\nありがとうございましたっ,움직임이 조금 각이 잡힌 것 같아요\r\n감사합니다
ダンスレッスンの日でしたよね……？,댄스 레슨 날이었죠……?
準備万端で待っていました！　……ほわっ\r\nもしかして私の勘違いだったんでしょうか……？,준비만전으로 기다리고 있었어요! ……호와\r\n혹시 제가 착각한 건가요……?
私、まだまだお化粧とか慣れてなくて……,"저, 아직 화장이 익숙하지가 않아서요……"
今週、ビジュアルレッスンで勉強したいですっ,"이번 주, 비주얼 레슨으로 공부가 하고 싶어요"
ほわ、お化粧の仕方、いろいろ勉強しました,"호와, 화장하는 방법, 여러가지 배웠어요"
少しだけ上達した気がします\r\nありがとうございましたっ,조금은 능숙해진 거 같아요 \r\n감사합니다
ほわ、ビジュアルレッスンの日ですよ,"호와, 비주얼 레슨 하기로 한 날인데요"
次こそレッスンお願いしますねっ,다음에는 레슨 부탁드릴게요
ほわぁ……少し疲れちゃいました,호와…… 조금 지쳤나봐요
今週に少しお休みしてもいいですか？,이번 주에 조금 쉬어도 될까요?
ほわぁ～、ゆっくり休めました,"호와아~, 푹 쉬었어요"
また明日から頑張れそうですっ,내일부터 다시 열심히 할 수 있겠어요
ほわぁ……、あまり休めませんでした,"호와아……, 별로 쉬지 못했어요"
次はしっかりお休みします,다음엔 제대로 쉴게요
一週間後にボーカルレッスンがしたいです,일주일 후에 보컬 레슨이 하고 싶어요
もっとダンスレッスンをしたいですっ\r\n一週間後にレッスンすることはできますか？,좀 더 댄스 레슨이 하고 싶어요\r\n일주일 후에 레슨을 받을 수 있을까요?
一週間後、ビジュアルレッスンで勉強したいですっ,"일주일 후에, 비주얼 레슨으로 공부하고 싶어요"
一週間後に少しお休みしてもいいですか？,일주일 후에 조금 쉬어도 될까요?
二週間後にボーカルレッスンがしたいです,2주일 후에 보컬 레슨이 하고싶어요
もっとダンスレッスンをしたいですっ\r\n二週間後にレッスンすることはできますか？,좀 더 댄스 레슨이 하고 싶어요\r\n2주일 후에 레슨을 받을 수 있을까요?
二週間後、ビジュアルレッスンで勉強したいですっ,"2주일 후에, 비주얼 레슨으로 공부하고 싶어요"
二週間後に少しお休みしてもいいですか？,2주일 후에 조금 쉬어도 될까요?
この前の新曲、まだ音がつかみきれてないんです\r\n……思った音が出ないというか……,"전에 불렀던 신곡, 아직 음정이 완벽하지 않은거 같아요\r\n……생각했던 대로 노래가 안나온다고 해야할지……"
ボーカルレッスンをお願いしたいんですが……\r\n今週、お願いできますか？,"보컬 레슨을 하고 싶습니다만……\r\n이번 주, 부탁해도 될까요?"
そうですか\r\n残念ですが、仕方ないですね,"그런가요\r\n유감이지만, 어쩔 수 없겠죠"
この間教えていただいた発声法、試してみました。,"전에 알려주신 발성법, 시험 삼아 해봤어요."
いつも以上に成長できたんじゃないかな、と……\r\n自分でも、思います,"평소보다 더 성장한 거 아닐까, 라고……\r\n저 스스로, 느끼고 있어요"
音楽はいくらでも再生できますし、\r\nカラオケに行けば自主トレもできます,"음악은 언제든지 재생 할 수 있기도 하고, \r\n노래방에 가서도 자율 트레이닝도 할 수 있어요"
また、レッスン場が使えそうだったら……\r\n教えてくださいね,"다음에, 레슨실 사용 할 수 있을것 같으면……\r\n알려주세요"
すみません、プロデューサー\r\nせっかく予定を調整していただいたのに、私……,"죄송해요, 프로듀서\r\n모처럼 예정을 조정 했는데, 저……"
……落ち込んでいても仕方ないですね\r\n挽回できるように、頑張ります,"……낙담하고 있어도 별 수 없겠죠\r\n만회 할 수 있도록, 열심히 할게요"
動きのキレがちょっと足りない気がするんです\r\n鏡の前で動きを追求したいんですが……,안무의 완성도가 조금 부족한 기분이 들어요.\r\n거울 앞에서 연습하고 싶습니다만……
ダンスレッスンをお願いしたいです\r\n今週、お願いできませんか？,"댄스 레슨을 하고 싶어요\r\n이번 주, 부탁해도 될까요?"
今日はありがとうございました、プロデューサー\r\nとても気付きの多いレッスンでした,"오늘은 고마웠습니다, 프로듀서\r\n정말 깨달은 게 많은 레슨이었어요"
ずっとひとりで練習を続けていたので……\r\n鏡を見ながら動きが確認できて嬉しかったです,늘 혼자서 연습을 하고 있었는데……\r\n거울 보면서 동작을 확인할 수 있어서 기뻤어요.
……予約がいっぱいで使えるレッスン場がない、ですか\r\nちょっと残念です,"……예약이 가득 차서 사용할 수 있는 레슨실이 없다, 는 말이군요\r\n조금 유감이네요"
当分の間は、今まで通り公園で練習しておきますね\r\nレッスン場の予約が空いたら、また教えてください,"당분간은, 지금까지 해왔던 대로 공원에서 연습할게요\r\n레슨실 예약이 비게 되면, 다시 알려주세요"
お化粧のこと、普段から勉強はしているんですが\r\nまだまだわからないことも多くて……,"화장하는 법, 평소에 공부는 하고 있습니다만\r\n아직 모르는 것도 많아서……"
今週、ビジュアルレッスンお願いできませんか？,"이번 주, 비주얼 레슨 부탁해도 될까요?"
お化粧１つで印象がガラリと変わるんだって……\r\n当たり前のことですが、今日改めてそう思いました,"화장 하나로 인상이 확 바뀌어 버리다니……\r\n당연한 일이긴 하지만, 오늘은 새삼스레 그런 생각이 들었어요"
前よりも自信をもって、撮影に挑めそうです,"예전보다 자신감을 더 가지고, 촬영에 도전 할 수 있을거 같아요"
レッスンに充てる時間がない、ですか……\r\nそれじゃ仕方ないですね……,"레슨에 할당 할 시간이 없는, 건가요……?\r\n그러면 어쩔 수 없겠네요……"
少し経っても、まだモヤモヤがとれないままだったら\r\n改めて、レッスンをお願いしようと思います,"나중에라도, 계속 답답한게 풀리지 않을거 같으면\r\n재차, 레슨 부탁해 볼게요"
本当に申し訳ないんですが……\r\nここのところ体調がどうもよくなくて,정말 죄송합니다만……\r\n요즘 컨디션이 아무래도 안 좋은거 같아서
今週、お休みをいただいてもいいですか？,"이번 주, 휴가 내도 괜찮을까요?"
忙しい中、お休みをとっていただき\r\nありがとうございます,"바쁜 가운데, 휴가 내 주셔서\r\n고마워요"
また明日から、しっかりと頑張ろうと思います,"내일부터 다시, 제대로 열심히 해볼게요"
予定が予定がつまってるのに、休めないですよね\r\n私もプロ、ですから……,"예정이 꽉 차 있는데, 쉴 수는 없겠지요\r\n저도 프로, 이니깐요……"
仕事に穴をあけるわけにもいきませんしね\r\n気を引き締めて、前に進もうと思います,"일에 구멍을 낼 수도 없구요\r\n마음 단단히 먹고, 앞으로 나아가 볼게요"
ボーカルレッスンをお願いしたいんですが……\r\n一週間後にお願いできますか？,보컬 레슨을 하고 싶습니다만……\r\n일주일 후에 부탁해도 될까요?
ダンスレッスンをお願いしたいです\r\n一週間後にお願いできませんか？,댄스 레슨을 하고 싶어요\r\n일주일 후에 부탁해도 될까요?
一週間後にビジュアルレッスンお願いできませんか？,일주일 후에 비주얼 레슨 부탁해도 될까요?
一週間後にお休みをいただいてもいいですか？,일주일 후에 휴가 내도 괜찮을까요?
ボーカルレッスンをお願いしたいんですが……\r\n二週間後にお願いできますか？,보컬 레슨을 하고 싶습니다만……\r\n2주일 후에 부탁해도 될까요?
ダンスレッスンをお願いしたいです\r\n二週間後にお願いできませんか？,댄스 레슨을 하고 싶어요\r\n2주일 후에 부탁해도 될까요?
二週間後にビジュアルレッスンお願いできませんか？,2주일 후에 비주얼 레슨 부탁해도 될까요?
二週間後にお休みをいただいてもいいですか？,2주일 후에 휴가 내도 괜찮을까요?
あのねプロデューサー、今練習してる曲、難しくて……\r\nちゃんと合わせられてない気がするんだよね……,"있잖아 프로듀서, 지금 연습하고 있는 곡, 어려워서……\r\n제대로 맞춰지지 않은 느낌이 들어……"
だからボーカルレッスンしたいんだけど、\r\n今週って予定取れそうかな？,"그래서 보컬 레슨을 하고 싶은데,\r\n이번 주는 예정 좀 잡을 수 있을까?"
えへへ、ありがとう！\r\n約束だからね、プロデューサー！,"에헤헤, 고마워! \r\n약속이니까, 프로듀서!"
え、だめ？\r\n……そっか、わかったよ。急にごめんね！,"에, 안 돼? \r\n…… 그렇구나, 알았어. 갑자기 미안해!"
約束覚えててくれてありがとう！\r\nボーカルレッスン、楽しかったよー！,"약속 기억해줘서 고마워! \r\n보컬 레슨, 즐거웠어ー!"
これでちゃんと歌えるようになったと思うし、\r\n次聴くとき、楽しみにしててねっ,"이걸로 제대로 노래할 수 있게 된 것 같고,\r\n다음에 들을 때, 기대해줘"
ちょっと、プロデューサー！　約束忘れてたでしょー\r\n次はちゃんと守ってね,"잠깐, 프로듀서! 약속 잊어버렸지ー\r\n다음엔 잘 지켜줘"
うーん、ちょっと上手くいかなかったな\r\nごめんね、せっかく約束守ってくれたのに……,"으ー음, 좀 잘 안풀렸는걸\r\n미안, 기껏 약속 지켜줬는데……"
次はもっと頑張るから、またよろしくね、\r\nプロデューサー！,"다음엔 더 힘낼테니깐, 다음번에도 잘 부탁해,\r\n프로듀서!"
プロデューサー！\r\n新しくやった振り付け、とことんまで練習したいんだ！,"프로듀서!\r\n새로 나온 안무, 한 번 끝까지 연습하고 싶어!"
今週にダンスレッスンってできそう！？\r\nビシッと踊れるようにしちゃいたいの！,이번 주에 댄스 레슨 할 수 있을까!?\r\n자신있게 출 수 있도록 되고 싶어!
はぁ踊ったー！\r\n体動かすのってやっぱり気持ちいい！,"하아, 잔뜩 춤췄다ー!\r\n몸 움직이는 건 역시 기분 좋아!"
プロデューサーが約束守ってくれたおかげで\r\n振り付けも完璧だよ！　ありがとう！,프로듀서가 약속 지켜준 덕분에\r\n안무도 완벽하게 됐어! 고마워!
ダンスレッスンしたかったのに……\r\n次は忘れないでね？　プロデューサー,댄스 레슨 하고 싶었는데……\r\n다음엔 잊지 말아줘? 프로듀서
もっとしっかりお化粧の勉強がしたいんだよね！\r\nまだまだ知らないこといっぱいあるから！,좀 더 제대로 화장 공부를 하고싶어!\r\n아직 모르는게 잔뜩 있거든!
今週とかにビジュアルレッスンしても\r\n大丈夫かなぁ？,이번 주라든가 비주얼 레슨 해도\r\n괜찮으려나?
プロデューサー、見て見て！\r\nビジュアルレッスンの成果、どうかな！？,"프로듀서, 이거 봐봐!\r\n비주얼 레슨의 성과, 어때!?"
約束守ってもらえたから、\r\nレッスンも頑張っちゃったよ！,"약속 지켜줘서,\r\n레슨도 열심히 했어!"
もう！　プロデューサーったら約束忘れてるー！\r\n今度は守ってよー？,정말! 프로듀서도 참 약속 잊고 있었지ー!\r\n다음번에는 지켜줘야해ー?
プロデューサー、ちょっとお願いがあるんだけど……\r\n今週に友達と予定を入れたいんだ,"프로듀서, 조금 부탁이 있는데……\r\n이번 주에 친구랑 약속을 잡고 싶어"
お休み、もらっちゃダメかな？,"휴가, 받으면 안될까?"
お休みくれてありがとう、プロデューサー！\r\nたくさん友達と遊べて楽しかったよ～,"휴가줘서 고마워, 프로듀서!\r\n친구랑 잔뜩 놀 수 있어서 즐거웠어~"
今度はプロデューサーとも遊びに行きたいな！,다음엔 프로듀서랑도 같이 놀러가고 싶어!
友達と会う予定だったのに……\r\n悪いことしちゃったな,친구랑 만날 예정이었는데……\r\n미안하게 됐는걸
だからボーカルレッスンしたいんだけど、\r\n一週間後って予定取れそうかな？,"그래서 보컬 레슨을 하고 싶은데, 다음주로 예정 좀 잡을 수 있을까?"
一週間後にダンスレッスンってできそう！？\r\nビシッと踊れるようにしちゃいたいの！,다음주에 댄스 레슨 할 수 있을까!?\r\n자신있게 출 수 있도록 되고싶어!
一週間後とかにビジュアルレッスンしても\r\n大丈夫かなぁ？,"다음주라든가, 비주얼 레슨 해도\r\n괜찮으려나?"
プロデューサー、ちょっとお願いがあるんだけど……\r\n一週間後に友達と予定を入れたいんだ,"프로듀서, 조금 부탁이 있는데……\r\n다음주에 친구랑 약속을 잡고 싶어"
だからボーカルレッスンしたいんだけど、\r\n二週間後って予定取れそうかな？,"그래서 보컬 레슨을 하고 싶은데, 2주뒤로 예정 좀 잡을 수 있을까?"
二週間後にダンスレッスンってできそう！？\r\nビシッと踊れるようにしちゃいたいの！,2주뒤에 댄스 레슨 할 수 있을까!?\r\n자신있게 출 수 있도록 되고싶어!
二週間後とかにビジュアルレッスンしても\r\n大丈夫かなぁ？,"2주뒤라든가, 비주얼 레슨 해도\r\n괜찮으려나?"
プロデューサー、ちょっとお願いがあるんだけど……\r\n二週間後に友達と予定を入れたいんだ,"프로듀서, 조금 부탁이 있는데……\r\n2주일 후에 친구랑 예정을 넣고 싶어"
うち、もっともっと歌が上手になりたか！,"내, 더더욱 노래를 잘 부르고 싶구마!"
今週にみっちりボーカルレッスンしたいけん\r\nプロデューサー、場所とってくれんね？,"이번 주에 제대로 보컬 레슨 하고 싶응께\r\n프로듀서, 장소 잡아주지 않을래?"
さすがプロデューサー！\r\nありがとーね！,역시 프로듀서! \r\n고마워야!
そっか……いや、気にせんとって！,"그른가……아니, 신경쓰지 말어야!"
うち、また歌が上手くなったような気がするたい！,"내, 또 노래를 더 잘 허게 된 것 같은 기분이 들어야!"
みっちりレッスンした甲斐があったわー\r\nまたよろしゅうね、プロデューサー！,"제대로 레슨한 보람이 있었어ー\r\n또 잘 부탁혀, 프로듀서!"
うち、自分でもレッスンせんとと思って\r\nカラオケいってきたばい,"내, 스스로도 레슨혀야겄다 싶어서\r\n노래방 다녀왔어야"
けど、レッスン場とはやっぱり勝手が違うけん……\r\n次はちゃんと練習したかー,"근디, 레슨장과는 역시 느낌이 다르니께……\r\n담에는 제대로 연습하고 싶구마ー"
うちのわがままで調整してくれたんに……,내 억지 때문에 조정해 줬는디……
申し訳なか～……\r\nうち、上手くできんかった……,"면목이 없구마~……\r\n내, 잘 할수 없었어야……"
うち、踊りは得意なんやけど\r\n練習してて必ず上手くできんところがあるんよー,"내, 춤은 특기지만\r\n연습해서 반드시 잘 하고 싶은 부분이 있당께ー"
プロデューサー、今週にダンスレッスンしたいばい！\r\nうち、もっと上手に踊りたかー,"프로듀서, 이번 주에 댄스 레슨 하고 싶구마! \r\n내, 좀 더 잘하고 싶어야ー"
ん～！　調子が出すぎて踊り過ぎたばい！,응~! 상태가 너무 좋아가꼬 너무 춤춰부렸어야!
今日はばり良かダンスレッスンができたとよ～\r\n次も頑張るけんね！　プロデューサー！,오늘은 겁나 좋은 댄스 레슨을 할 수 있었어야~\r\n다음에도 힘낼거구마! 프로듀서!
あー、ダンスレッスン場とれんかったんかー,"아ー, 댄스 레슨장은 못 빌렸던 거구마ー"
ならしょうがないばい！\r\nまた別ん日にすればよかよー,그러면 어쩔수 없디야!\r\n또 다른 날에 허면 좋지라ー
うちの魅力をもっと磨くばい！\r\nそんためには、お化粧のレッスンが必要なんよー,"내 매력을 더 연마할 거여! \r\n그러기 위해서는, 화장 레슨이 필요허당께ー"
今週、ビジュアルレッスンしたいばってん\r\nプロデューサー、付きおうてくれんね？,"이번 주, 비주얼 레슨 허고 싶은디\r\n프로듀서, 어울려 준당가?"
んふふー、うち、ますます綺麗になった気がするたい,"응후후ー, 내, 점점 더 예뻐지는 느낌이 들어야"
プロデューサーがきてくれて気合が入ったけん、\r\nありがとーね！,"프로듀서가 와줘서 기합이 들어갔으니께, \r\n고마워!"
そっか……\r\nまあ、お化粧の練習はどこでもできるけんね,"그런가……\r\n뭐, 화장의 연습은 어디라도 할 수 있으니께"
また、今度、よろしゅう頼むばい！,"또, 다음에, 잘 부탁헌당께!"
ふぅー、なんかいつもの調子がでんばい……,"후우ー, 왠지 평소의 상태가 안나온디야……"
プロデューサー、少しだけ休みたいんやけど……\r\n今週って空けられんと……？,"프로듀서, 조금 쉬고 싶은디……\r\n이번 주는 일정 비워줄 수 없당가……?"
ん～！　スッキリしたばいー\r\nこれでまたアイドル活動に集中できるとよ！,응~! 상쾌해졌어야ー\r\n이거로 또 아이돌 활동에 집중할수 있어야!
ばっちり元気になったし\r\n休んだ分、もっと頑張るけんね！,"제대로 기운도 차렸고\r\n쉰만큼, 더욱 열심히 할테니께!"
いやー、気にしてなかよ。うちもアイドルやけん\r\n忙しいのは良かことばいー,"아니, 신경쓰지 않어야. 내도 아이돌이니께\r\n바쁜것은 좋은 일이구마ー"
ばってん、たまにはゆっくりできる時間も欲しいけん\r\n次はよろしゅうねー,"근디, 가끔은 느긋하게 있는 시간도 갖고 싶어야\r\n다음에는 부탁허구마ー"
一週間後にみっちりボーカルレッスンしたいけん\r\nプロデューサー、場所とってくれんね？,"일주일후에 꼭 보컬 레슨을 하고 싶으니께\r\n프로듀서, 장소 잡아줘야 혀?"
プロデューサー、一週間後にダンスレッスンしたいばい！\r\nうち、もっと上手に踊りたかー,"프로듀서, 일주일 후에 댄스 레슨하고 싶어야!\r\n내, 더욱 잘 추고 싶구마ー"
一週間後、ビジュアルレッスンしたいばってん\r\nプロデューサー、付きおうてくれんね？,"일주일후, 비주얼 레슨하고 싶은디 \r\n프로듀서, 어울려 줘야혀?"
プロデューサー、少しだけ休みたいんやけど……\r\n一週間後って空けられんと……？,"프로듀서, 좀 쉬고 싶은디……\r\n1주일 후 비워줄 수 없당가……?"
二週間後にみっちりボーカルレッスンしたいけん\r\nプロデューサー、場所とってくれんね？,"2주일 후에 꼭 보컬 레슨이 하고 싶으니께\r\n프로듀서, 자리 잡아줄 수 있어야?"
プロデューサー、二週間後にダンスレッスンしたいばい！\r\nうち、もっと上手に踊りたかー,"프로듀서, 2주일 후에 댄스 레슨이 하고 싶어야!\r\n내, 좀 더 잘 추고 싶구마ー"
二週間後、ビジュアルレッスンしたいばってん\r\nプロデューサー、付きおうてくれんね？,"2주일 후, 비주얼 레슨하고 싶은디, \r\n프로듀서, 어울려 줘야 혀?"
プロデューサー、少しだけ休みたいんやけど……\r\n二週間後って空けられんと……？,"프로듀서, 좀 쉬고 싶은디……\r\n2주일 후 비워줄 수 있당가……?"
プロデューサー、私ー珍しくやる気が出てるかもー\r\nたまには大声を出してもいいかなぁってー,"프로듀서, 저ー드물게 의욕이 생겼을지도ー\r\n가끔씩은 큰 소리를 내도 괜찮지 않을까 하고ー"
今週ボーカルレッスンとか、どうですかぁ？,"이번 주 보컬 레슨이라든가, 어떤가요오?"
ふふー、プロデューサーは優しいですねー,"후후ー, 프로듀서는 상냥하네요ー"
えー、プロデューサーはまみみのお願い、\r\n聞いてくれないんだー……,"에ー, 프로듀서는 마미미의 부탁, \r\n들어 주지 않는 거구나ー……"
いい感じに声が出せましたぁ,좋은 느낌으로 소리를 낼 수 있었어요오
プロデューサー、今度聞かせてあげてもいいですよー,"프로듀서, 다음에 들려줄 수도 있다구요ー"
ボーカルレッスン、すっごくやる気だったのになぁ,"보컬 레슨, 엄청 의욕이 생겼었는데에"
次こそはぁ、お願いしますねー,"다음에야말로, 부탁 드릴 테니까요ー"
うーん……調子が悪かったですかねー,으ー음…… 상태가 나빴던 걸까요ー
このままは、なんか嫌なのでー、次もお願いしますー,"이대로는, 뭔가 싫으니까ー, 다음에도 부탁드릴게요ー"
私ー、なんだか踊りたい気分なんですケド\r\nスケジュール入れられますかぁ？,"저ー, 왠지 춤추고 싶은 기분인데 말이죠\r\n스케줄 넣어 주실 수 있나요오?"
今週、ダンスレッスンしたいですー,"이번 주, 댄스 레슨 하고 싶어요ー"
たくさん踊ったら疲れましたけどー、\r\nでも、すこーしだけ、楽しかったかもですねー,"많이 춤 췄더니 지쳤지만요ー,\r\n그래도, 조ー금, 즐거웠을지도 모르겠네요ー"
気が向いたらまたお願いしようかなー,기분이 내키면 또 부탁해 볼까나ー
……レッスン、サボろうと思ってたんで―\r\n丁度よかったんですケド,"……레슨, 빼먹을까 생각했는데―,\r\n마침 잘된 걸지도"
……でも、プロデューサーに約束守ってもらえなくて、\r\nちょっとショックですー……,"……그렇지만, 프로듀서가 약속을 지켜주지 않아서, \r\n조금 쇼크에요ー……"
お化粧はぁ、女子にとってなによりも大事なんですよー,"화장은, 여자에게 있어 무엇보다도 중요하다구요ー"
なのでー、今週ビジュアルレッスンしたいですー,"그러므로ー, 이번 주 비주얼 레슨 하고 싶어요ー"
ふふー、どうですかぁ、プロデューサー,"후후ー, 어떤가요오, 프로듀서"
私、可愛くなりましたかぁ？,"저, 귀여워졌나요오?"
約束を破るなんて―、プロデューサーも悪い人ですねー\r\n私の心、傷ついちゃったかもしれませんよー？,"약속을 어기다니―, 프로듀서도 나쁜 사람이네요ー\r\n제 마음, 상처입어 버렸을지도 모른다구요ー?"
まぁ、次は約束守ってくださいねー\r\nプロデューサー,"뭐, 다음엔 약속 지켜 주세요ー\r\n프로듀서"
プロデューサー\r\nなんだか調子が乗らないのでー,프로듀서\r\n왠지 상태가 내키지 않아서ー
今週は休みにしませんかぁ？,이번 주는 휴일로 하지 않을래요오?
今日はちゃんと休んだのでー,오늘은 확실히 쉬었으니까ー
今度はぁ、真面目にレッスンしてもいいかもですねー,"이번엔, 성실하게 레슨받아도 괜찮을지도 모르겠네요ー"
私、お風呂に入って休む気でいましたけどー,"저, 욕실에 들어가 쉴 생각으로 있었는데요ー"
はぁ……もう帰りますねー,하아……이만 돌아갈게요ー
一週間後ボーカルレッスンとか、どうですかぁ？,"일주일 후 보컬 레슨이라든가, 어떨까요오?"
一週間後、ダンスレッスンしたいですー,"일주일 후, 댄스 레슨 하고 싶어요ー"
なのでー、一週間後ビジュアルレッスンしたいですー,"그러므로ー, 일주일 후 비주얼 레슨 하고 싶어요ー"
一週間後は休みにしませんかぁ？,일주일 후는 휴일로 하지 않으실래요오?
二週間後ボーカルレッスンとか、どうですかぁ？,"2주일 후 보컬 레슨이라든가, 어떤가요오?"
二週間後、ダンスレッスンしたいですー,"2주일 후, 댄스 레슨 하고 싶어요ー"
なのでー、二週間後ビジュアルレッスンしたいですー,"그러므로ー, 2주일 후 비주얼 레슨 하고 싶어요ー"
二週間後は休みにしませんかぁ？,2주일 후는 휴일로 하지 않으실래요오?
歌のパフォーマンスについて\r\nより良く見せる方法を勉強したいんだ,노래의 퍼포먼스에 대해\r\n보다 좋게 보일 수 있는 방법을 공부하고 싶어
ボーカルレッスンの時間を\r\n今週で調整をしてもらっていいかな？,보컬 레슨의 시간을\r\n이번 주에 조정해 줄 수 있을까?
フフ、ありがとう\r\nプロデューサーならそう言ってくれると思ったよ,"후후, 고마워\r\n프로듀서라면 그렇게 말해줄 거라고 생각했어"
そうか……仕方ないね,그런가…… 어쩔 수 없지
今日のレッスンで苦手な音域があることが\r\n理解できたんだ,오늘의 레슨으로 서투른 음역이 있단 걸\r\n이해할 수 있었어
大きな収穫になったよ\r\nありがとう、プロデューサー,"큰 수확이 됐어\r\n고마워, 프로듀서"
もうちょっと歌の完成度を高めたかったのだけど……,앞으로 조금 노래의 완성도를 높이고 싶었지만……
いや、忘れていたのなら仕方ないね……\r\n次は頼むよ,"아니, 잊고 있던 거라면 어쩔 수 없지……\r\n다음엔 부탁할게"
プロデューサーが約束を守ってくれたというのに\r\nこの結果なんて、我ながら情けないな……,"프로듀서가 약속을 지켜 주었는데\r\n이 결과라니, 스스로도 한심하네……"
次こそは期待に応えられるようにしてみせるよ,다음이야말로는 기대에 부응할 수 있도록 해볼게
この振り付けなんだけど、\r\nどうしても自分で納得できないんだ,"이 안무 말인데, \r\n어찌해도 스스로 납득 할 수 없어"
今週にダンスレッスンをしたいんだが……\r\n頼めるかな？,이번 주에 댄스 레슨을 하고 싶은데……\r\n부탁할 수 있을까?
うん、やっと動きをモノにできた気がするね,"응, 겨우 움직임을 보여줄만한 것으로 만들었단 느낌이 들어"
約束を守ってくれたアナタのおかげだよ\r\nありがとう,약속을 지켜 준 당신 덕분이야\r\n고마워
次のオーディションまでに振付を\r\n完璧にしておきたかったんだけどな……,다음 오디션까지 안무를\r\n완벽하게 해 두고 싶었는데 말야……
いや、気にしていないよ\r\nまた予定を合わせればいいさ,"아니, 신경쓰지 않아\r\n다시 예정을 맞줘준다면 괜찮아"
モデルではなく、アイドルとして\r\n自分を魅力的に演出する方法を研究したいんだ,"모델이 아니라, 아이돌로서\r\n자신을 매력적으로 연출하는 방법을 연구하고 싶어"
今週にビジュアルレッスンを頼んでもいいかい？,이번 주에 비주얼 레슨을 부탁해도 괜찮을까?
アイドルとして自分を魅せるには\r\n着実な努力が必要なんだね,아이돌로서 자신을 매료시키려면 \r\n착실한 노력이 필요한 거구나
今回は気付きの多いレッスンだったよ\r\nこのお礼はいつかしないとね,이번엔 깨달은 게 많은 레슨이었어\r\n이 답례는 언젠가 해야겠는걸
アイドルとしての魅せ方は分からないままか……\r\n残念だな……,아이돌로서의 매료하는 방법은 모르는 채인가……\r\n유감이네……
今度はきっちり\r\n約束を守ってほしいな,다음엔 확실히\r\n약속을 지켜 줬으면 해
ファンのみんなに喜んでもらうにはどうしたらいいか\r\nじっくりと考える時間が欲しいんだ,팬 모두를 기쁘게 하려면 어떻게 하면 좋을까\r\n차분히 생각할 시간을 갖고 싶어
今週に休みをもらってもいいかな？,이번 주에 휴일을 받아도 괜찮을까?
じっくりと考える時間をもらえたお陰で\r\nいいアイディアを思いついたよ,차분히 생각하는 시간을 가진 덕분에\r\n좋은 아이디어를 생각해 냈어
これから楽しくなりそうだ\r\nありがとう、プロデューサー,"지금부터 즐거워질 것 같아\r\n고마워, 프로듀서"
日々仕事をこなしながら\r\n新しい自分を模索することは難しいね……,나날이 일을 해내면서\r\n새로운 자신을 모색하는 것은 어렵네……
すまないが、次は時間を作ってほしいな,"미안하지만, 다음에 시간을 만들어 줬으면 해"
ボーカルレッスンの時間を\r\n一週間後で調整をしてもらっていいかな？,보컬 레슨의 시간을\r\n일주일 후로 조정해 줄 수 있을까?
一週間後にダンスレッスンをしたいんだが……\r\n頼めるかな？,일주일 후에 댄스 레슨을 하고 싶은데……\r\n부탁할 수 있을까?
一週間後にビジュアルレッスンを頼んでもいいかい？,일주일 후에 비주얼 레슨을 부탁해도 괜찮을까?
一週間後に休みをもらってもいいかな？,일주일 후에 휴일을 받아도 괜찮을까?
ボーカルレッスンの時間を\r\n二週間後で調整をしてもらっていいかな？,보컬 레슨의 시간을\r\n2주일 후로 조정해 줄 수 있을까?
二週間後にダンスレッスンをしたいんだが……\r\n頼めるかな？,2주일 후에 댄스 레슨을 하고 싶은데……\r\n부탁할 수 있을까?
二週間後にビジュアルレッスンを頼んでもいいかい？,2주일 후에 비주얼 레슨을 부탁해도 괜찮을까?
二週間後に休みをもらってもいいかな？,2주일 후에 휴일을 받아도 괜찮을까?
アイドル三峰結華に今、足りないもの……\r\nそれはズバリ！　誰もが聞き惚れるような歌声かと！,"아이돌 미츠미네 유이카에게 지금, 부족한 것……\r\n그것은 즉! 누구나 홀릴 것 같은 노랫소리가 아닐까!"
ということで、プロデューサー？\r\n今週にボーカルレッスンを入れて欲しいなー？,"그런 고로, 프로듀서? \r\n이번 주에 보컬 레슨을 넣어준다면 좋을 텐데ー?"
さっすが！　プロデューサーは話が分かる男だなぁ\r\nそんじゃよろしくね！　頼みましたよっ,역시! 프로듀서는 이야기가 통하는 남자네\r\n그러면 잘 부탁해! 믿을 테니까
おっと、ダメか。……ざーんねん\r\n三峰了解いたしましたー,"어이쿠, 안 되나. ……유감\r\n미츠미네 잘 알겠습니다ー"
ふっふー、これからの三峰は一味違うんだぜＰたん\r\n練習の成果、今から聴かせてあげちゃおっか？,"훗후ー, 앞으로의 미츠미네는 한 차원 다르다구 P땅\r\n연습의 성과, 지금부터 들려드릴까?"
……あ、大丈夫？　それはまたお仕事とかで？\r\nまぁいいけど、お礼だけは言わせてほしいな。ありがとね,"……아, 괜찮아? 그건 다음에 일할 때나 보여주라고?\r\n뭐 상관은 없지만, 감사라도 하게 해줘. 고마워."
さぁてここでプロデューサーに問題です！\r\n今日はなんの日だったでしょーおかっ？,그럼 여기서 프로듀서에게 문제입니다! \r\n오늘은 무슨 날이었을까요?
正解は……？　ボーカルレッスンの約束の日でした～！\r\n……プロデューサー？　次はちゃんと守ってよね,정답은……? 보컬 레슨 약속의 날이었습니다~! \r\n……프로듀서? 다음은 제대로 지켜요
やっちゃったなぁ……。ごめんねプロデューサー、\r\nせっかくレッスン入れてもらったのに……,"저질렀구만……미안해요 프로듀서, \r\n모처럼 레슨 넣어 주셨는데……"
三峰、上手くできなかったよ\r\n……次までにはなんとかするから待ってて！,"미츠미네, 잘할 수 없었어\r\n…… 다음까지는 어떻게든 할 테니까 기다려 줘!"
プロデューサープロデューサー、ちょっと相談なんだけど\r\n……この前習った振り付けがね？　あんま上手くいかなくて,"프로듀서 프로듀서, 조금 상담이 있는데\r\n……일전에 배운 안무가 말야? 생각보다 잘 안 되어서"
今週にダンスレッスン入れてもらえたらなーなんて……\r\n……どうかな？,이번 주에 댄스 레슨 넣어주면 좋겠다 싶어서……\r\n…… 어떨까?
プロデューサープロデューサー\r\nちょっとだけこっち！　耳貸して？,프로듀서 프로듀서\r\n조금만 여기! 귀 좀 빌려줄래?
特訓のおかげで、苦手は克服できました！\r\nありがとう。プロデューサーが約束守ってくれたおかげだよ,"특훈 덕분에, 골칫거리를 극복할 수 있었습니다! \r\n고마워요. 프로듀서가 약속 지켜준 덕분이야"
えーっと、プロデューサー……？\r\nダンスレッスン、約束してたと思うんだけど……,"저기, 프로듀서……? \r\n댄스 레슨, 약속했었다고 생각하는데……"
……忘れちゃってたならしょうがない！\r\n今回は水に流しましょう！,……잊어 버린 거라면 어쩔 수 없지! \r\n이번엔 없었던 것으로 치자!
メイクって言っても一筋縄じゃいかないんだなぁこれが\r\n奥深くって困っちゃうよ,메이크업이라고 해도 보통 수단으론 안 된단 말이지 이게\r\n심오해서 곤란해져 버려
そんなわけなので、プロデューサーにお願いです！\r\n……今週にビジュアルレッスンを入れてほしいなっ,"그런 의미로, 프로듀서에게 부탁입니다! \r\n……이번 주에 비주얼 레슨을 넣어주면 하는데"
不肖三峰……メイクの極意をバッチリ学んできましたよー\r\nこれもＰたんのおかげです。本っ当に感謝してます,불초 미츠미네…… 메이크업의 비법을 확실히 배워 왔습니다ー\r\n이것도 P땅의 덕분입니다. 정말로 감사하고 있습니다
……約束、守ってくれてありがとね\r\nまた次もよろしくですよー,"……약속, 지켜줘서 고마워\r\n또 다음에도 부탁할게요ー"
ひどいよプロデューサーっ……！\r\n私との約束、忘れちゃうなんてっ……！,"심하다구 프로듀서……! \r\n나와의 약속, 잊어 버리다니……!"
……なーんちゃってぇ、ビックリした？\r\nＰ氏も人間だもんね、またスケジュール調整お願いします！,"……막 이래, 깜짝 놀랐어? \r\nP씨도 사람인 걸, 또 스케줄 조정 부탁드립니다!"
いやー、最近の三峰、すごい頑張ってるなー\r\nそんなことをみんなが言ってくれてる気がするなー,"이야ー, 최근의 미츠미네, 굉장한 노력하고 있구나ー\r\n그런 걸 모두가 말해 주고 있는 생각이 드네ー"
働き者な三峰にお休みをください……\r\nできたら今週がいいなぁ、なーんて……,"일꾼인 미츠미네에게 휴가를 주십시오……\r\n가능하면 이번 주가 좋겠는데, 랄까……"
いやー、いいお休みだったよー！\r\nゆっくりしっかり堪能させていただきましたっ,"이야ー, 좋은 휴가였다구ー! \r\n느긋이 확실하게 만끽했습니다"
こっからは、心機一転リフレッシュした三峰で頑張るね\r\n改めてよろしくー！,"앞으로는, 심기일전 리프레시한 미츠미네로 열심히 할게\r\n재차 잘 부탁해ー!"
三峰をこんなに働かせるなんて\r\nプロデューサーも悪いお人だなぁ……,미츠미네를 이렇게 일하게 하다니 \r\n프로듀서도 나쁜 사람이구나아……
……あんまり約束スルーされちゃうと、\r\nさすがの三峰もご機嫌ナナメにはなりますからね,"……그렇게 약속을 씹어버리면, \r\n아무리 미츠미네라도 기분 저기압이 되니까 말야"
ということで、プロデューサー？\r\n一週間後にボーカルレッスンを入れて欲しいなー？,"그런 고로, 프로듀서? \r\n일주일 후에 보컬 레슨을 넣어 줬으면 좋겠는걸?"
一週間後にダンスレッスン入れてもらえたらなーなんて……\r\n……どうかな？,일주일 후에 댄스 레슨 넣어 주면 좋을텐데ー뭐래니……\r\n……어떠려나?
そんなわけなので、プロデューサーにお願いです！\r\n……一週間後にビジュアルレッスンを入れてほしいなっ,"그런 연유이므로, 프로듀서에게 부탁입니다! \r\n…… 일주일 후에 비주얼 레슨을 넣어줬으면 하는데"
働き者な三峰にお休みをください……\r\nできたら一週間後がいいなぁ、なーんて……,"부지런한 미츠미네에게 휴가를 주세요……\r\n가능하면 일주일 후가 좋은데에, 막 이래……"
ということで、プロデューサー？\r\n二週間後にボーカルレッスンを入れて欲しいなー？,"그런 고로, 프로듀서? \r\n2주일 후에 보컬 레슨을 넣어줬으면 하는데ー?"
二週間後にダンスレッスン入れてもらえたらなーなんて……\r\n……どうかな？,이주일 후에 댄스 레슨 넣어 준다면 좋을텐데ー뭐래니……\r\n……어떠려나?
そんなわけなので、プロデューサーにお願いです！\r\n……二週間後にビジュアルレッスンを入れてほしいなっ,"그런 연유이므로, 프로듀서에게 부탁입니다!\r\n……2주일 후에 비주얼 레슨을 넣어줬으면 하는데"
働き者な三峰にお休みをください……\r\nできたら二週間後がいいなぁ、なーんて……,"부지런한 미츠미네에게 휴가를 주세요……\r\n가능하면 이주일 후가 좋은데에, 막 이래……"
え、と……わたし、もっと大きな声を出さないと\r\nいけないですよね……,"저, 그…… 저, 좀 더 큰 소리를 내지 않으면\r\n안 되는 거겠죠……"
ボ、ボーカルレッスンを……\r\n今週……希望……したいです……！,"보, 보컬 레슨을……\r\n이번 주에…… 희망…… 하고 싶어요……!"
プロデューサーさん……\r\nお、お手数をおかけします……！,"프로듀서님……\r\n버, 번거롭게 해드려서 죄송해요……!"
そ、そうですよね……\r\nお騒がせして……ごめんなさい！,"그, 그렇네요……\r\n시끄럽게 해서…… 죄송해요!"
あー！　あー！,아ー! 아ー!
ふふ、お腹から……\r\n声が出せるように……なりました……！,"후후, 배에서……\r\n소리를 낼 수 있게……됐어요……!"
あの……ボーカルレッスンは……,저기…… 보컬 레슨은……
いえ、なんでもないです……！\r\nレッスン室のお掃除……しておきますね！,"아뇨, 아무것도 아니에요……!\r\n레슨실의 청소…… 해둘게요!"
せっかく時間を取ってくださったのに……すみません,모처럼 시간을 내주셨는데…… 죄송해요
こ、今度はもっと頑張ります……,"다, 다음엔 더 열심히 할게요……"
ダンス……\r\n知ってるステップが少ないって……言われました……,댄스……\r\n알고 있는 스텝이 적다고…… 들었어요……
今週、レッスンの予約を……\r\n入れられるでしょうか……？,"이번 주, 레슨의 예약을……\r\n넣어 주실 수 있으신가요……?"
スロー、スロー、クイック、クイック……,"슬로우, 슬로우, 퀵, 퀵……"
ジルバ……っていうダンスだそうです\r\n……一緒に……やってみますか……？,지르박…… 이라고 하는 댄스라는 모양이에요\r\n……같이…… 해보실래요……?
……ダンスレッスン……できませんでした……,……댄스 레슨…… 하질 못했어요……
び、病院の裏庭とかで……\r\n自主練しますから、大丈夫……です……！,"벼, 병원의 뒤뜰같은 곳에서……\r\n자율 연습을 하니까, 괜찮……아요……!"
いつも絆創膏を貼っているので……\r\nお化粧はあまりうまくできないんです……,언제나 반창고를 붙이고 있어서……\r\n화장은 그다지 잘하질 못해요……
ビジュアルレッスンっていうのを……受けたいのですが\r\n今週……いいでしょうか……？,비주얼 레슨이라고 하는 걸…… 받아보고 싶은데\r\n이번 주…… 괜찮을까요……?
ふふ……お化粧の仕方が少しわかったような気がします,후후…… 화장의 방법을 조금 알 것 같은 기분이 들어요
ビジュアルレッスンは……な、なかったですね……,비주얼 레슨은…… 없었던 거네요……
いえ、わ、わたしなんて……\r\nお化粧してもあんまり変わらないですから……！,"아뇨, 저, 저 같은 건……\r\n화장을 해도 그다지 변하지 않을 테니까요……!"
わわっ、ご、ごめんなさい……！\r\nちょっと足元がふらつきました……,"와왓, 죄 , 죄송해요……!\r\n잠깐 다리가 휘청거렸어요……"
ご迷惑になるので、今週、お休みをください\r\n……あっ、休むのもご迷惑ですよね……！,"민폐가 되니까, 이번 주, 휴일을 주세요\r\n……앗, 쉬는 것도 민폐가 되는 거네요……!"
お休みを頂けて、\r\n元気に……なりました……！,"휴가를 주셔서, \r\n건강하게…… 됐어요……!"
お水をもらった……お花みたいに……！,물을 받은…… 꽃처럼……!
わたし、元気なので……\r\nお、お休みは、大丈夫です……！,"저, 건강하니까…… \r\n휴, 휴식은, 괜찮아요……!"
つ、次のお休みまで……頑張ります……！,"다, 다음 휴일까지…… 열심히 할게요……!"
ボ、ボーカルレッスンを……\r\n一週間後……希望……したいです……！,"보, 보컬 레슨을……\r\n일주일 후에…… 희망……하고 싶어요……!"
一週間後、レッスンの予約を……\r\n入れられるでしょうか……？,"일주일 후, 레슨의 예약을……\r\n넣어 주실 수 있을까요……?"
ビジュアルレッスンっていうのを……受けたいのですが\r\n一週間後……いいでしょうか……？,비주얼 레슨이라고 하는 걸…… 받고 싶은데\r\n일주일 후에…… 괜찮을까요……?
ご迷惑になるので、一週間後、お休みをください\r\n……あっ、休むのもご迷惑ですよね……！,"민폐가 되니까, 일주일 후, 휴식을 주세요\r\n……앗, 쉬는 것도 민폐가 되는 거네요……!"
ボ、ボーカルレッスンを……\r\n二週間後……希望……したいです……！,"보, 보컬 레슨을……\r\n2주일 후에…… 희망…… 하고 싶어요……!"
二週間後、レッスンの予約を……\r\n入れられるでしょうか……？,"이주일 후, 레슨의 예약을……\r\n넣어주실 수 있을까요……?"
ビジュアルレッスンっていうのを……受けたいのですが\r\n二週間後……いいでしょうか……？,비주얼 레슨이라고 하는 걸…… 받고 싶은데요\r\n이주일 후……괜찮을까요……?
ご迷惑になるので、二週間後、お休みをください\r\n……あっ、休むのもご迷惑ですよね……！,"폐를 끼치게 되므로, 2주일 후, 휴식을 주세요\r\n……앗, 쉬는 것도 폐를 끼치게 되네요……!"
あたし、みんなを元気にする歌を\r\n歌えるようになりたいです！,"저, 모두를 기운나게 하는 노래를\r\n부를 수 있도록 되고 싶어요!"
プロデューサーさん、\r\n今週にボーカルレッスンをさせてください！,"프로듀서님, \r\n이번 주에 보컬 레슨을 시켜주세요!"
ありがとうございます！\r\nえへへ！　プロデューサーさんは優しいです！,고맙습니다! \r\n에헤헤! 프로듀서님은 상냥해요!
あう、ダメですか……\r\nわかりました、また今度にしますね,"아우, 안 되나요……\r\n알겠어요, 또 다음에 할게요"
えへへ、うまく歌えました！,"에헤헤, 능숙하게 노래했어요!"
プロデューサーさんのおかげでさらにパワーアップです\r\nありがとうございます！,프로듀서님 덕분에 한층 더 파워업이에요\r\n고맙습니다!
ボーカルレッスン、できませんでした……\r\nあっ、でもでも他のこともスゴい勉強になりますから,"보컬 레슨, 할 수 없었어요……\r\n앗, 그치만그치만 다른 것도 엄청 공부가 됐어요"
ボーカルレッスンはまた今度でも大丈夫ですっ\r\nプロデューサーさん、次は、お願いします！,"보컬 레슨은 또 다음번이라도 괜찮아요\r\n프로듀서님, 다음은, 부탁드릴게요!"
約束を守ってくれたのに……\r\nごめんなさい、プロデューサーさん！,"약속 지켜주셨는데……\r\n죄송해요, 프로듀서님!"
次はもっと頑張ります！\r\n正義のアイドルになるために！,다음은 더욱 열심히 할게요!\r\n정의의 아이돌이 되기 위해서!
あたし、もっとうまく踊れるようになりたいんです！,"저, 좀 더 능숙하게 춤출 수 있게 되고 싶어요!"
プロデューサーさん！\r\n今週にダンスレッスンがしたいです！,프로듀서님!\r\n이번 주에 댄스 레슨이 하고 싶어요!
ダンスレッスン、バッチリ完了です！\r\nヒーローみたいにカッコいい動きができましたっ,"댄스 레슨, 완벽히 완료에요!\r\n히어로처럼 멋있는 움직임을 할 수 있었어요"
プロデューサーさん、\r\n約束守ってくれて、ありがとうございます！,"프로듀서님, \r\n약속 지켜주셔서, 고맙습니다!"
ダンスレッスンのはずだったんですけど……\r\nダンスに変身ポーズを入れるのはまた次回です！,댄스 레슨을 부탁드렸었는데……\r\n댄스에 변신포즈를 넣는 것은 또 다음에 할게요!
次はお願いします！\r\nプロデューサーさん！,다음은 부탁드릴게요!\r\n프로듀서님!
あたしもヒーローみたいに\r\nもっとカッコよくなりたいです！,저도 히어로처럼\r\n더욱 멋있어지고 싶어요!
今週にビジュアルレッスンがしたいです\r\nプロデューサーさん！,이번 주에 비주얼 레슨이 하고 싶어요\r\n프로듀서님!
えへへ！　かわいくなれた気がします！\r\nスッゴく勉強になりましたっ,에헤헤! 귀엽게 된 것 같은 느낌이 들어요!\r\n엄청 공부가 됐어요
プロデューサーさん、ありがとうございます！,"프로듀서님, 고맙습니다!"
あれ、今日はビジュアルレッスンの日……\r\nあ、いえっ！,"어라, 오늘은 비주얼 레슨하는 날……\r\n아, 아뇨!"
何かスゴい考えがあって予定を変えたんですよね！\r\n次はレッスンお願いします、プロデューサーさんっ,"뭔가 굉장한 생각이 있으시니까 예정을 바꾸신 거네요!\r\n다음은 레슨 부탁할게요, 프로듀서님"
今度、どうしても見に行きたいヒーローショーがあって……,"이번에, 꼭 보러 가고 싶은 히어로 쇼가 있어서……"
プロデューサーさん\r\n今週、お休みにできませんか？,"프로듀서님\r\n이번 주, 휴일로 해주실 수 없나요?"
ヒーローショー、スッゴい楽しかったです！\r\nふわぁ、今でもワクワクが止まりませんっ,"히어로쇼, 엄청 즐거웠어요!\r\n후와아, 지금도 두근두근이 멈추지 않아요"
プロデューサーさん\r\nお休みをくれてありがとうございます！,프로듀서님\r\n휴일을 주셔서 감사합니다!
ヒーローショー……い、いえ！\r\nなんでもありません！,"히어로 쇼……아, 아뇨!\r\n아무것도 아니에요!"
正義のアイドルに休みはありませんからっ！,정의의 아이돌에게 휴일은 없으니까요!
プロデューサーさん、\r\n一週間後にボーカルレッスンをさせてください！,"프로듀서님, \r\n일주일 후에 보컬 레슨을 하게 해주세요!"
プロデューサーさん！\r\n一週間後にダンスレッスンがしたいです！,프로듀서님!\r\n일주일 후에 댄스 레슨이 하고 싶어요!
一週間後にビジュアルレッスンがしたいです\r\nプロデューサーさん！,일주일후에 비주얼 레슨이 하고 싶어요\r\n프로듀서님!
プロデューサーさん\r\n一週間後、お休みにできませんか？,"프로듀서님\r\n일주일 후, 휴일로 해주실 수 없나요?"
プロデューサーさん、\r\n二週間後にボーカルレッスンをさせてください！,"프로듀서님, \r\n이주일 후에 보컬 레슨을 시켜 주세요!"
プロデューサーさん！\r\n二週間後にダンスレッスンがしたいです！,프로듀서님!\r\n이주일 후에 댄스 레슨이 하고 싶어요!
二週間後にビジュアルレッスンがしたいです\r\nプロデューサーさん！,이주일 후에 비주얼 레슨이 하고 싶어요\r\n프로듀서님!
プロデューサーさん\r\n二週間後、お休みにできませんか？,"프로듀서님\r\n이주일 후, 휴일로 해주실 수 없나요?"
みんなに聴いてもらえるように……\r\n私、もっと歌が上手になりたいんです！,"모두가 들을 수 있도록……\r\n저, 더욱 노래를 잘 부르고 싶어요!"
今週にボーカルレッスンを\r\nやらせてください！,이번 주에 보컬 레슨을\r\n하게 해주세요!
わあ、やったー！\r\nありがとうございます！,"와아, 해냈다ー!\r\n고맙습니다!"
うっ……だ、だめですか？\r\nわかりました、仕方ないです……！,"읏……아, 안되나요?\r\n알겠어요, 어쩔 수 없네요……!"
お疲さまでした！,수고하셨습니다!
なんだか、今日はのびのび歌えた気がします！\r\nありがとうございました！,"왠지, 오늘은 쭉쭉 노래할 수 있던 것 같아요! \r\n감사합니다!"
ああ……！\r\n私のボーカルレッスンの予定がっ……！,아아……! \r\n제 보컬 레슨의 예정이……!
次は忘れないでもらえたら嬉しいです\r\nよろしくお願いしますね、プロデューサーさん！,"다음은 잊지 않아 주셨으면 좋겠어요\r\n잘 부탁드려요, 프로듀서님!"
うう……失敗しちゃいましたぁ,우우…… 실패해 버렸어요오
すみません！　\r\n次はもっと頑張りますっ！,죄송해요! \r\n다음엔 더욱 노력할게요!
私のダンス、まだまだですよね……\r\nみんなの足を引っ張りたくないんですっ！,"제 댄스, 아직 멀은 거네요……\r\n모두의 방해를 하고 싶지 않아요!"
今週にレッスンさせてください！,이번 주에 레슨 시켜 주세요!
なんだか今日は体が軽かったような気がします！\r\nコツを掴めてきたんですかねっ？,왠지 오늘은 몸이 가벼웠던 것 같은 기분이 들어요! \r\n요령을 잡은 걸까요?
プロデューサーさんがレッスン入れてくれたおかげです！\r\nありがとうございました！,프로듀서님이 레슨 넣어 준 덕분이에요! \r\n감사합니다!
うう……ダンスレッスンしたかったです……,우우…… 댄스 레슨 하고 싶었어요……
でも、しょうがないですよね！\r\nまた、次の機会にお願いしますっ,"그렇지만, 어쩔 수 없지요! \r\n또, 다음 기회에 부탁드릴게요"
私、もっときれいになりたいです！\r\n……その、目立った個性もないですし……,"저, 좀 더 예쁘게 되고 싶어요! \r\n…… 그, 눈에 띄는 개성도 없어서……"
ビジュアルレッスン、\r\n今週にやらせてもらってもいいですかっ？,"비주얼 레슨, \r\n이번 주에 시켜 주실 수 있을까요?"
ビジュアルレッスンの成果、出てますかね？\r\n新しいチョコアイドル、誕生したんじゃないでしょうか！？,"비주얼 레슨의 성과, 나오고 있는 걸까요? \r\n새로운 초콜렛 아이돌, 탄생한 거 아닐까요!?"
私、もっと頑張りますね、プロデューサーさん！,"저, 더욱 열심히 할게요, 프로듀서님!"
本当は、レッスン受けられたら良かったんですけど……\r\nうっかり忘れちゃう時もありますよねっ,"사실은, 레슨 받을 수 있었다면 좋았겠지만……\r\n깜빡 잊어 버릴 때도 있는 거니까요"
でも、次はちゃんと予定入れておいてくださいね？\r\n約束ですよ、プロデューサーさん,"그치만, 다음엔 제대로 예정 넣어 주셔야 돼요? \r\n약속이에요, 프로듀서님"
すみません、プロデューサーさん……\r\nそろそろ新しいチョコのネタを仕入れたくて……,"죄송해요, 프로듀서님……\r\n슬슬 새로운 쵸코의 이야깃거리를 얻고 싶어서……"
今週にお休みをいただけませんか……？,이번 주에 휴가를 받을 수 없을까요……?
えへへ、チョコもたっぷり食べて\r\nばっちりリフレッシュしちゃいました,"에헤헤, 쵸코도 충분히 먹어서\r\n확실히 리프레쉬 해 버렸어요"
おかげ様で、元気100倍です！,"덕분에, 기운100배 에요!"
ああっ……！　私のチョコ……ケーキ……スイーツ……\n食べられるはずだったお菓子たち……！,아앗……! 내 초콜렛…… 케이크…… 스위트……\r\n먹을 예정이던 과자들……!
プロデューサーさん、お願いです……！\r\n今度は必ず時間、取っておいてください……！,"프로듀서님, 부탁이에요……! \r\n다음엔 꼭 시간, 잡아주세요……!"
一週間後にボーカルレッスンを\r\nやらせてください！,일주일 후에 보컬 레슨을\r\n하게 해 주세요!
一週間後にレッスンさせてください！,일주일 후에 레슨 시켜 주세요!
ビジュアルレッスン、\r\n一週間後にやらせてもらってもいいですかっ？,"비주얼 레슨, \r\n일주일 후에 하게 해주실 수 있나요?"
一週間後にお休みをいただけませんか……？,일주일 후에 휴가를 받을 수 없을까요……?
二週間後にボーカルレッスンを\r\nやらせてください！,2주일 후에 보컬 레슨을\r\n하게 해 주세요!
二週間後にレッスンさせてください！,2주일 후에 레슨 하게 해 주세요!
ビジュアルレッスン、\r\n二週間後にやらせてもらってもいいですかっ？,"비주얼 레슨, \r\n2주일 후에 하게 해 주셔도 괜찮을까요?"
二週間後にお休みをいただけませんか……？,2주일 후에 휴가를 받을 수 없을까요……?
なあ、プロデュ－サ－\r\nこの間の新曲、まだうまく歌えね－んだよ,"저기, 프로듀서\r\n지난번 신곡, 아직 잘 못 부르겠어"
今週にボ－カルレッスンしてもいいだろ？,이번 주에 보컬 레슨해도 괜찮지?
本当かっ！\r\n約束、絶対だかんな！,"정말로!?\r\n약속, 꼭 지켜야 된다!"
ちぇ、仕方ね－な……\r\n……わかったよ,"칫, 어쩔 수 없네……\r\n……알았어"
流石に喉カラッカラだぜ\r\nでも、お陰でいい感じに歌えるようになった,"역시 목이 걸걸해\r\n그래도, 덕분에 좋은 느낌으로 노래할 수 있게 됐어"
ありがとな、プロデュ－サ－,"고마워, 프로듀서"
なぁ、アンタ\r\nアタシとの約束忘れてね－か？,"저기, 너\r\n나랑 한 약속 잊은 거 아냐?"
ボ－カルレッスン、次は頼むぜ,"보컬 레슨, 다음엔 부탁한다고"
あんま集中できなかった……,그다지 집중 할 수 없었어……
すまね－な\r\n折角予定組んでくれたのに……,미안ー\r\n모처럼 예정 짜 줬는데……
アタシのソロパ－トで、\r\nもう少し確認して－動きがあるんだよな……,"내 솔로 파트에서,\r\n좀 더 확인하고 싶은 움직임이 있어……"
今週にダンスレッスン頼めね－か？,이번 주에 댄스 레슨 부탁하면 안될까?
納得いくまでレッスン出来たおかげで、\r\nダンスにキレが出てきた気がするぜ,"납득할 수 있을 때까지 레슨 할 수 있던 덕분에,\r\n댄스에 절도가 생긴 기분이야"
予定組んでくれてありがとな、プロデュ－サ－,"예정 짜 줘서 고마워, 프로듀서"
ダンスレッスンの予定、\r\n組んでくれるんじゃなかったのかよ？,"댄스 레슨 예정,\r\n짜주는 거 아니였어?"
ったく、今度は頼むぜ,"나참, 다음번엔 부탁한다고"
アイドルらしい化粧の仕方ってのが、\r\nどうも苦手でな……,"아이돌다운 화장 방법이,\r\n아무래도 서툴러서……"
今週にビジュアルレッスン頼みて－んだけど……\r\nいいか？,이번 주에 비주얼 레슨 부탁하고 싶은데……\r\n괜찮아?
アイドルらしい化粧ってのは、やっぱ難しいな……\r\nけど、コツは掴んだぜ！,"아이돌다운 화장이라는 건, 역시 어렵네……\r\n그래도, 요령은 알겠다고!"
サンキュ－な、プロデュ－サ－,"땡큐, 프로듀서"
ビジュアルレッスンの約束はどうした？,비주얼 레슨 약속은 어쨌어?
いいのかよ？\r\nこのままじゃ、いつまでたっても上達できね－ぞ,"괜찮은 거야?\r\n이대로는, 아무리 시간이 흘러도 능숙해질 수 없다고"
今週に好きなチ－ムの試合があるんだけどよ……,이번 주에 좋아하는 팀에 시합이 있는데……
そん時だけ、休み貰えね－か？,"그 때만, 쉬면 안 될까?"
いや－、久々にテンション上がったぜ！\r\n最高にアツい試合だった！,"이야ー, 간만에 텐션 올랐다고!\r\n최고로 뜨거운 시합이었어!"
アンタのお陰でいい休日になったよ\r\nサンキューな、プロデューサー,"너 덕분에 좋은 휴식이 됐어\r\n땡큐, 프로듀서"
今日の試合、楽しみにしてたんだけどな……,"오늘 시합, 기대하고 있었는데……"
ま、仕方ね－よな……,"뭐, 어쩔 수 없네……"
一週間後にボ－カルレッスンしてもいいだろ？,일주일 후에 보컬 레슨해도 괜찮지?
一週間後にダンスレッスン頼めね－か？,일주일 후에 댄스 레슨 부탁하면 안 될까?
一週間後にビジュアルレッスン頼みて－んだけど……\r\nいいか？,일주일 후에 비주얼 레슨 부탁하고 싶은데……\r\n괜찮아?
一週間後に好きなチ－ムの試合があるんだけどよ……,일주일 후에 좋아하는 팀에 시합이 있는데……
二週間後にボ－カルレッスンしてもいいだろ？,이주일 후에 보컬 레슨해도 괜찮지?
二週間後にダンスレッスン頼めね－か？,이주일 후에 댄스 레슨 부탁하면 안 될까?
二週間後にビジュアルレッスン頼みて－んだけど……\r\nいいか？,이주일 후에 비주얼 레슨 부탁하고 싶은데……\r\n괜찮아?
二週間後に好きなチ－ムの試合があるんだけどよ……,이주일 후에 좋아하는 팀에 시합이 있는데……
高音が……安定しないのです\r\n今週、レッスンを、お願い、したいのですが……,"고음이…… 안정되지 않습니다\r\n이번 주, 레슨을, 부탁, 하고 싶습니다만……"
凛世を、お気遣いくださり……\r\nありがとう、ございます。プロデューサーさま……,"린제를, 배려해 주셔서……\r\n감사, 합니다. 프로듀서님……"
……お手を、煩わせてしまい\r\n申し訳、ございませんでした,"……번거롭게 해드려\r\n정말로, 죄송합니다"
効果が出たように……思われます,효과가 있었다고……생각합니다
少々……自信が、つきました\r\nプロデューサーさま、ありがとう、ございます,"조금……자신이, 생겼습니다.\r\n프로듀서님, 감사, 드립니다."
何か、お考えが、あったのですね……,"뭔가, 생각이, 있으신 거군요……"
プロデューサーさまは、お忙しい身\r\nこの凛世、わがままは、申しません,"프로듀서님은 바쁘신 몸\r\n이 린제, 어리광은, 부리지 않겠습니다."
成果のほどは……\r\nあまり芳しくは、ございませんでした,"레슨의 성과는……\r\n별로 좋지는, 않았습니다"
至らぬ凛世を、お許しください……,"미흡한 린제를, 용서해 주십시오……"
プロデューサーさま\r\n凛世の舞は……いかがでしょう……,프로듀서님\r\n린제의 춤은……어떠신지요……
お気に召すよう、舞いたいのです……\r\n今週、レッスンを、いたしたく思います,"마음에 드실 때까지, 춤 추고 싶습니다……\r\n이번 주에, 레슨을, 하고 싶습니다"
要領が、つかめて参りました……,"요령을, 터득했습니다……"
舞うのが……楽しいのです,춤추는 것이…… 즐겁습니다
本日は、舞のレッスンが……,"오늘은, 춤 레슨이……"
いえ……\r\n何でも……ないのです,아뇨……\r\n아무것도……아닙니다
装いには、心の姿が……現れます……,"외모에는, 마음의 모습이……드러납니다……"
プロデューサーさま、お化粧のレッスンを\r\n今週にしておきたいのですが……,"프로듀서님, 화장의 레슨을\r\n이번 주에 하고 싶습니다만……"
よきご指導を……頂くことが、できました\r\nありがとう、ございます……,"바람직한 지도를……받을 수 있었습니다.\r\n정말로, 감사합니다……"
この姿……貴方さまには、\r\n見目よく、映っておりましょうか,"이 모습……당신에게는\r\n아름답게, 비춰지고 있을까요."
お化粧の、レッスン日……,"화장의, 레슨 날……"
きっと、お忙しかったのですね……\r\nプロデューサーさまの、お身体が……心配です,"분명, 바쁘셨던 거겠죠……\r\n프로듀서님의, 몸 상태가……걱정입니다"
少しばかり、無理を、いたしました……,"아주 조금, 무리를, 했습니다……"
今週に、お休みを頂戴できますでしょうか……,"이번 주에, 휴가를 받을 수 있겠습니까……"
疲れを癒すことが、できました\r\nありがとう、ございます……,"피로를 풀 수, 있었습니다\r\n감사, 합니다……"
凛世はもう、大事ございません,"린제는 이제, 괜찮습니다."
……！\r\n申し訳ございません……少々、疲労が……,"……! \r\n죄송합니다…… 조금, 피로가……"
これも、試練、なのですね……,"이것도, 시련, 이군요……"
高音が……安定しないのです\r\n一週間後、レッスンを、お願い、したいのですが……,"고음이…… 안정되지 않습니다\r\n일주일 후, 레슨을, 부탁, 하고 싶습니다만……"
お気に召すよう、舞いたいのです……\r\n一週間後、レッスンを、いたしたく思います,"마음에 드실 때까지, 춤 추고 싶습니다……\r\n일주일 후, 레슨을, 하고 싶습니다."
プロデューサーさま、お化粧のレッスンを\r\n一週間後にしておきたいのですが……,"프로듀서님, 화장의 레슨을\r\n일주일 뒤로 해 두고 싶습니다만……"
一週間後に、お休みを頂戴できますでしょうか……,"일주일 후에, 휴가를 받을 수 있겠습니까……"
高音が……安定しないのです\r\n二週間後、レッスンを、お願い、したいのですが……,"고음이……안정적이지 않습니다.\r\n2주 후에, 레슨을, 부탁, 하고 싶습니다만……"
お気に召すよう、舞いたいのです……\r\n二週間後、レッスンを、いたしたく思います,"마음에 드실 때까지, 춤 추고 싶습니다……\r\n2주 후, 레슨을, 하고 싶습니다."
プロデューサーさま、お化粧のレッスンを\r\n二週間後にしておきたいのですが……,"프로듀서님, 화장의 레슨을\r\n2주 뒤로 해 두고 싶습니다만……"
二週間後に、お休みを頂戴できますでしょうか……,"2주 후에, 휴가를 받을 수 있겠습니까……"
プロデューサー、\r\nもっと歌の技術を磨きたいわ,"프로듀서, \r\n좀 더 노래의 기술을 연마하고 싶어"
今週はボーカルレッスンをしましょう！,이번 주는 보컬 레슨을 하자!
それでこそよ、プロデューサー！,"그거야, 프로듀서!"
そう……仕方がないわね,그래…… 어쩔 수 없지
ふぅ……けっこう歌えたわね,후우…… 꽤 노래했어
発声がよくなった感じがするわ\r\n約束、守ってくれて嬉しいわ,"발성이 좋아진 것 같은 느낌이 들어\r\n약속, 지켜줘서 기뻐"
やっぱり歌の技術が磨きたかったわね……,역시 노래의 기술을 연마하고 싶었어……
いい？　今度はちゃんと約束を守るのよ？,알았지? 다음엔 제대로 약속 지켜야 해?
思うような成果は出なかったわ……,생각한 것 같은 성과는 나오지 않았어……
でも、これを次につなげていくわ！,"하지만, 이걸 다음으로 연결해 갈 거야!"
トップを目指すには、ダンスの実力がまだまだだわ……,"톱을 노리기에는, 춤 실력이 아직 부족해……"
ダンスレッスンをしたいから、\r\n今週付き合って頂戴、プロデューサー！,"댄스 레슨을 하고 싶으니까,\r\n이번 주에 함께 해줘, 프로듀서!"
ふぅ、いい汗をかいたわね,"후우, 기분 좋게 땀을 흘렸어"
ダンスのキレが良くなった気がするの\r\nありがとう、プロデューサー,"댄스 실력이 더 좋아진 느낌이 들어\r\n고마워, 프로듀서"
ダンスで確認したいところがあったのだけど……,댄스에서 확인하고 싶은 부분이 있었는데……
次は約束を忘れないで頂戴,다음 번에는 약속한 걸 잊지 말아 줬으면 해
アイドルとして\r\n自分をより美しく見せることも大事だと思うの,아이돌로서\r\n자신을 보다 아름답게 보이는 것도 중요하다고 생각해
今週はビジュアルレッスンを\r\nしたいのだけど、いいかしら？,"이번 주에는 비주얼 레슨을\r\n하고 싶은데, 괜찮을까?"
ねぇ、プロデューサー。私をよく見て頂戴,"저기, 프로듀서. 나를 잘 봐줬으면 해"
また一段と美しくなれたでしょう？\r\nこれもプロデューサーのお陰よ,또 한층 더 아름답게 됐지?\r\n이것도 프로듀서 덕분이야
もう！　次の仕事に備えてポーズとか研究したかったのに！,정말! 다음 일을 대비해서 포즈라든가 연구하고 싶었는데!
次は必ず約束を守りなさい！,다음에는 반드시 약속 지켜야 해!
適度な休息も、トレーニングのうちだと思うわ,"적당한 휴식도, 트레이닝의 일부라고 생각해"
今週はお休みをもらってもいいかしら？,이번 주에 휴가를 받아도 괜찮을까?
ゆっくり休んで、リフレッシュできたわ,"푹 쉰 덕에, 리프레쉬할 수 있었어"
また頑張るわよ！,다시 열심히 하자!
ここで身体を休めるはずだったのに……,이쯤에서 몸을 쉬게 할 예정이었는데……
約束を守ってもらわないと、予定も組めないわ\r\n今度からはちゃんと守るのよ？,"약속을 지키지 않으면, 예정도 짤 수 없어\r\n다음부터는 잘 지키는 거다?"
一週間後はボーカルレッスンをしましょう！,일주일 후에 보컬 레슨을 하도록 하자!
ダンスレッスンをしたいから、\r\n一週間後付き合って頂戴、プロデューサー！,"댄스 레슨을 하고 싶으니까, \r\n일주일 후에 함께 해줘, 프로듀서!"
一週間後はビジュアルレッスンを\r\nしたいのだけど、いいかしら？,"일주일 후에 비주얼 레슨을\r\n하고 싶은데, 괜찮을까?"
一週間後はお休みをもらってもいいかしら？,일주일 후에 휴가를 받아도 괜찮을까?
二週間後はボーカルレッスンをしましょう！,2주일 후에 보컬 레슨을 하도록 하자!
ダンスレッスンをしたいから、\r\n二週間後付き合って頂戴、プロデューサー！,"댄스 레슨을 하고 싶으니까, \r\n2주일 후에 함께 해줘, 프로듀서!"
二週間後はビジュアルレッスンを\r\nしたいのだけど、いいかしら？,"2주일 후에 비주얼 레슨을\r\n하고 싶은데, 괜찮을까?"
二週間後はお休みをもらってもいいかしら？,2주일 후에 휴가를 받아도 괜찮을까?
甘奈ね、自分の歌い方で\r\n少し気になってるところがあるんだよね,"아마나, 노래 부를 때\r\n조금 신경쓰이는 부분이 있어"
今週にボーカルレッスン、頼んでいいかな,"이번 주에 보컬 레슨, 부탁해도 될까?"
さっすがプロデューサーさん！\r\n話が分かるー☆,과연 프로듀서님!\r\n말이 통한다니까ー☆
そっかー。それじゃしょうがないよねー…\r\n無理言っちゃって、ごめんね！,"그런가ー. 그러면 어쩔 수 없지ー…\r\n무리하게 부탁해서, 미안해!"
今日のレッスンで\r\nどうやって歌ったらいいかよくわかったよ,오늘 레슨으로\r\n어떻게 노래해야 할지 잘 알았어
ありがとねっ、プロデューサーさん,"고마워, 프로듀서님"
やっぱり自主レッスンだと、\r\n気になるところは解決できないなぁ,"역시 스스로 레슨하면, \r\n신경쓰이는 부분은 해결하기 힘들구나"
次はしっかり約束守ってね\r\nプロデューサーさん,다음에는 확실히 약속 지키라구\r\n프로듀서님
ごめんね、プロデューサーさん\r\n無理を聞いてくれたのに……,"미안해, 프로듀서님\r\n무리한 부탁인데도 들어줬는데……"
次は応えられるようにがんばるからね！,다음에는 답할 수 있도록 노력할 테니까!
プロデューサーさん\r\nどうしてもできないステップがあってね,프로듀서님\r\n아무리 해도 할 수 없는 스텝이 있는데
今週にダンスレッスンお願いできる？,이번 주에 댄스 레슨 부탁해도 될까?
バッチリ、キレのあるステップが\r\nできるようになったんだ☆,"확실히, 깔끔한 스텝을\r\n할 수 있게 되었어☆"
甘奈、ダンスちょっと上手になったかも\r\nプロデューサーさん、ありがと,"아마나, 댄스를 조금 잘하게 되었을지도\r\n프로듀서님, 고마워"
自分で練習もしてみたけど……\r\n鏡とか見てもっとチェックしたかったなー,스스로 연습도 해 봤는데……\r\n거울 같은 걸로 보고 좀 더 체크하고 싶었어ー
次は予定、\r\nしっかり覚えててくれると嬉しいな,"다음에는 예정을, \r\n확실히 기억해준다면 기쁠까나"
甘奈、この前雑誌読んでて、ちょーかわいー\r\nメイク思いついちゃったんだ！,"아마나, 저번에 잡지를 읽다가, 초ー귀여운ー\r\n메이크업 생각났었다구!"
試してみたいから\r\n今週にビジュアルレッスンお願いしたいな,시험해 보고 싶으니까\r\n이번 주에 비주얼 레슨 부탁해도 될까?
思いついたメイクを試してみたらね\r\nスゴくいい感じだったんだよね！,생각난 메이크업 해 보니까\r\n엄청 좋은 느낌이었다구!
今度プロデューサーさんにも見てもらいたいな\r\n約束守ってくれて、ありがとねっ,"담번에 프로듀서님께도 보여주고 싶어\r\n약속 지켜줘서, 고마워"
うーん、あのメイク\r\nどうやったらモノにできたのかな～,"으ー음, 그 메이크업\r\n어떻게 하면 완성할 수 있었을까나~"
ちょっと残念だったかな～,조금 유감이었는걸~
プロデューサーさん！\r\nどーしても外せない用事が出来ちゃって……,프로듀서님!\r\n아무래도 뺄 수 없는 일이 생겨서……
今週ってお休みもらえたりするかな,이번 주는 휴가 받을 수 있을까
お休みもらえたおかげで、\r\nしっかりと予定が守れたよー,"휴가를 받게 되어서, \r\n제대로 예정을 지킬 수 있었어ー"
お陰で甘奈、頑張れるっ！\r\nありがとー☆,"덕분에 아마나, 열심히 할 수 있어! \r\n고마워ー☆"
お仕事だもん、仕方ないよね……,"일 때문이라면, 어쩔 수 없네……"
でも次はよろしくね\r\nプロデューサーさん,그래도 다음은 잘 부탁해\r\n프로듀서님
一週間後にボーカルレッスン、頼んでいいかな,"일주일 후에 보컬 레슨, 부탁해도 될까?"
一週間後にダンスレッスンお願いできる？,"일주일 후에 댄스 레슨, 부탁해도 될까?"
試してみたいから\r\n一週間後にビジュアルレッスンお願いしたいな,"한번 해 보고 싶은데,\r\n일주일 후에 비주얼 레슨, 부탁해도 될까?"
一週間後ってお休みもらえたりするかな,일주일 후에 휴가 받을 수 있을까
二週間後にボーカルレッスン、頼んでいいかな,"2주일 후에 보컬 레슨, 부탁해도 될까?"
二週間後にダンスレッスンお願いできる？,"2주일 후에 댄스 레슨, 부탁해도 될까?"
試してみたいから\r\n二週間後にビジュアルレッスンお願いしたいな,"한번 해 보고 싶은데,\r\n2주일 후에 비주얼 레슨, 부탁해도 될까?"
二週間後ってお休みもらえたりするかな,2주일 후에 휴가 받을 수 있을까
プロデューサーさん……\r\n甜花……もっと大きい声、出せるように……なりたい……,"프로듀서님……\r\n텐카…… 좀 더 큰 소리, 낼 수 있도록…… 되고 싶어……"
だから、今週……歌のレッスン……したい……,"그러니까, 이번 주…… 노래 레슨…… 하고 싶어……"
にへへ……うれしい……,니헤헤……기뻐……
わかった……がまん……するね……,알겠어…… 참을……게……
歌うの……楽しいね……\r\n声も、大きくなった……気がする……,"노래하는거…… 즐겁네…… \r\n소리도, 커진……느낌이 들어……"
にへへ……プロデューサーさん、ありがとう……,"니헤헤…… 프로듀서님, 고마워……"
プロデューサーさん……ボーカルレッスンは……？,프로듀서님…… 보컬 레슨은……?
甜花……のど飴……たくさんなめたのに……,텐카…… 목캔디…… 잔뜩 먹었는데……
あ、あれ……？　こうじゃ、ない……？,"어, 어라……? 이게, 아냐……?"
あう……ぜんぜん……ダメだった……\r\n次はできるように、するね……,"아우…… 전혀…… 못했다……\r\n다음엔 잘 하도록, 할게……"
甜花……もっといい動きが、できるようになれば……\r\nみんなにも……迷惑、かけない……,"텐카…… 좀 더 잘 움직일 수, 있게 된다면……\r\n모두에게도…… 민폐, 안될 텐데……"
今週はダンスレッスンが……いいな……,이번 주는 댄스 레슨이…… 좋겠는데……
うん……甜花、ダンス……\r\nうまくなった……たぶん……,"응…… 텐카, 댄스……\r\n좋아졌어…… 아마……"
プロデューサーさんの、おかげ……ありがとう……,"프로듀서님의, 덕분이야…… 고마워……"
今日……ダンスレッスンじゃ……なかったっけ……,오늘…… 댄스 레슨……아니었나……
甜花……踊る準備、してたんだけど……\r\n次はちゃんと……入れておいてね……,"텐카…… 춤출 준비, 했는데……\r\n다음에는 꼭, 부탁해……"
塗る？　付ける？　プロデューサーさん……\r\nメイクって、どうやるんだろう……,"바르고? 붙이고? 프로듀서님…… \r\n메이크업은, 어떻게 하는 걸까……"
知らないと……ダメだよね……\r\n今週に……ビジュアルレッスン……させて……,모르고 있으면…… 안 되겠지……\r\n이번 주에…… 비주얼 레슨…… 시켜줘……
これは……付けるものなんだ……\r\nこれで……甜花も、なーちゃんみたいに……,"이건…… 붙이는 거구나……\r\n이걸로…… 텐카도, 나쨩처럼……"
プロデューサーさん……約束守ってくれて……\r\nありがとう……,프로듀서님…… 약속 지켜줘서……\r\n고마워……
ビジュアルレッスン……無くなっちゃったんだ……,비주얼 레슨…… 없어졌던 거구나……
メイクができなくて……また迷惑かけちゃう……\r\nプロデューサーさん……次はきっと、ね……,메이크업 잘 못해서…… 또 폐를 끼치겠어……\r\n프로듀서님…… 다음에는 꼭……
プロデューサーさん……えっと……\r\n甜花……お昼寝をいっぱいしたくて……,프로듀서님…… 저기…… \r\n텐카…… 낮잠 잔뜩 자고 싶어서……
お休みが欲しいんだけど……\r\n今週って……ダメかな……？,휴가를 받고 싶은데…… \r\n이번 주에…… 안될까……?
お休みで……いっぱい、お昼寝した……\r\n充電、完了……！,"휴가에…… 잔뜩, 낮잠 잤어…… \r\n충전, 완료……!"
甜花……また頑張る、ね……,텐카…… 다시 힘낼게……
え……お休み、ないんだ……\r\nお昼寝の道具……準備してたのに……,"에……휴가, 아니구나……\r\n낮잠 도구…… 준비했는데……"
お休み……忘れないでほしい、です……,"휴가…… 잊지 말아줬으면 해, 요……"
だから、一週間後……歌のレッスン……したい……,"그러니까, 일주일 뒤…… 노래 레슨…… 하고 싶어……"
一週間後はダンスレッスンが……いいな……,일주일 뒤에 댄스 레슨이…… 좋은데……
知らないと……ダメだよね……\r\n一週間後に……ビジュアルレッスン……させて……,모르고 있으면…… 안 되겠지……\r\n일주일 뒤에…… 비주얼 레슨…… 시켜줘……
お休みが欲しいんだけど……\r\n一週間後って……ダメかな……？,휴가를 받고 싶은데…… \r\n일주일 뒤에…… 안될까……?
だから、二週間後……歌のレッスン……したい……,"그러니까, 이주일 뒤…… 노래 레슨…… 하고 싶어……"
二週間後はダンスレッスンが……いいな……,이주일 뒤에 댄스 레슨이…… 좋은데……
知らないと……ダメだよね……\r\n二週間後に……ビジュアルレッスン……させて……,모르고 있으면…… 안되겠지……\r\n이주일 뒤에…… 비주얼 레슨…… 시켜줘……
お休みが欲しいんだけど……\r\n二週間後って……ダメかな……？,휴가를 받고 싶은데…… \r\n이주일 뒤에…… 안될까……?
あーあーあーあーあー♪\r\n声……出てます？,아~아~아~아~아~♪\r\n목소리…… 잘 나오나요?
私、もうちょっと練習したくて……\r\n今週にボーカルレッスンを入れていただけませんか？,"저, 좀 더 연습하고 싶어서……\r\n이번 주에 보컬 레슨을 잡아주실 수 있나요?"
わぁ、ありがとうございます♪\r\nプロデューサーさん,"와, 감사합니다♪\r\n프로듀서님"
まあ、そうなんですね……、いえ\r\n私が急に言い出したことですから、お気になさらず,"이런, 그렇군요…… 아뇨\r\n제가 갑자기 말을 꺼냈으니까요, 신경 쓰지 마세요"
あーあーあーあーあー♪\r\nうん、ばっちりです～,"아~아~아~아~아~♪\r\n응, 좋아졌네요~"
プロデューサーさん、レッスンを入れてくださって\r\nありがとうございました♪,"프로듀서님, 레슨 잡아주셔서\r\n감사합니다♪"
あら？　今日はボーカルレッスンの日……？,어라? 오늘은 보컬 레슨 날……?
ふふ、プロデューサーさんだって忘れることもありますよね\r\nじゃあ、河原で歌ってきましょう♪,"후후, 프로듀서님도 잊어버리는 일이 있군요\r\n그럼, 강변에서 노래할게요♪"
あら、せっかくプロデューサーさんに\r\nスケジュール合わせてもらったのに……,"어라, 모처럼 프로듀서님이\r\n스케줄을 맞춰주셨는데……"
ごめんなさい、プロデューサーさん\r\n私、今度はもっと頑張りますね？,"죄송해요, 프로듀서님\r\n저, 이번엔 좀 더 노력할게요"
えいっ、……きゃっ！\r\nなかなか、身体が上手く動かないんです……,"에잇, ……꺄!\r\n좀처럼, 몸이 잘 움직이지 않네요……"
私が足を引っ張るわけにはいかないですから\r\n今週にダンスレッスンをさせてもらえませんか？,제가 발목을 잡을 수는 없으니\r\n이번 주 댄스 레슨을 받을 수 있게 해주시겠어요?
ふうっ……あ、プロデューサーさん！\r\nレッスン、すごく調子いいんですよ,"후우…… 아, 프로듀서님!\r\n레슨, 굉장히 컨디션이 좋아요"
プロデューサーさんが、\r\nスケジュール調整してくれたおかげですね,프로듀서님이 \r\n스케줄을 조정해주신 덕분이에요
あらら、今日はダンスレッスンがないんですか？,"어라, 오늘은 댄스 레슨이 없나요?"
……いえ、気にしないでください、プロデューサーさん\r\nかわりに他のお稽古ができますし……ね？,"……아뇨, 신경쓰지 마세요, 프로듀서님\r\n대신 다른것을 배울 수 있으니까요……네?"
きれいなお化粧って、\r\nすごく繊細な技術に支えられているんですよね,예쁜 화장이란\r\n굉장히 섬세한 기술이 받쳐주고 있는 거지요
私、とっても興味があって……ビジュアルレッスンを\r\nしてみたいんですが、今週にどうでしょうか？,"저, 굉장히 흥미가 있어서…… 비주얼 레슨을\r\n받고 싶은데, 이번 주에 어떨까요?"
ふふ、お化粧ってとっても奥深いんですね,"후후, 화장이란 정말로 심오한 거네요"
これで少しは綺麗になれちゃうかも……なんて,이걸로 조금은 예쁘게 될 수 있을지도…… 막 이래
プロデューサーさん、\r\n今日何かお約束してませんでした？,프로듀서님\r\n오늘 뭔가 약속하지 않으셨나요?
ふふ……思い出してくれました？\r\nじゃあ、もう忘れないように指切りしましょう,"후후……생각나셨나요?\r\n그럼, 이제 잊지 않도록 손가락 걸어요"
お休みなんて、言い出せる立場ではないんですけど……,휴가라는 걸 말할 입장은 아니지만……
もし、スケジュールに余裕があれば、\r\n今週に休ませていただいてもいいですか？,"혹시, 스케줄에 여유가 있다면\r\n이번 주에 쉬어도 괜찮을까요?"
久しぶりに雑貨屋巡りができました～\r\nプロデューサーさんのおかげです,오랜만에 잡화점들을 순회했어요~ \r\n프로듀서님 덕분이에요
いろんな材料も仕入れたんですよ\r\n次の衣装にも使っちゃおうかな♪,여러가지 재료도 샀답니다~\r\n다음 의상에도 써볼까♪
私、もうちょっと練習したくて……\r\n一週間後にボーカルレッスンを入れていただけませんか？,"저, 좀 더 연습 하고싶어서……\r\n일주일 뒤에 보컬 레슨을 잡아주실 수 있나요?"
私が足を引っ張るわけにはいかないですから\r\n一週間後にダンスレッスンをさせてもらえませんか？,제가 발목을 잡을 수는 없으니\r\n일주일 뒤에 댄스 레슨을 받을 수 있게 해주시겠어요?
私、とっても興味があって……ビジュアルレッスンを\r\nしてみたいんですが、一週間後にどうでしょうか？,"저, 굉장히 흥미가 있어서…… 비주얼 레슨을\r\n받고 싶은데, 일주일 뒤에 어떨까요?"
もし、スケジュールに余裕があれば、\r\n一週間後に休ませていただいてもいいですか？,혹시 스케줄에 여유가 있다면\r\n일주일 뒤에 쉬어도 괜찮을까요?
私、もうちょっと練習したくて……\r\n二週間後にボーカルレッスンを入れていただけませんか？,"저, 좀 더 연습 하고싶어서……\r\n2주일 뒤에 보컬 레슨을 잡아주실 수 있나요?"
私が足を引っ張るわけにはいかないですから\r\n二週間後にダンスレッスンをさせてもらえませんか？,제가 발목을 잡을 수는 없으니\r\n2주일 뒤에 댄스 레슨을 받을 수 있게 해주시겠어요?
私、とっても興味があって……ビジュアルレッスンを\r\nしてみたいんですが、二週間後にどうでしょうか？,"저, 굉장히 흥미가 있어서…… 비주얼 레슨을\r\n받고 싶은데, 2주일 뒤에 어떨까요?"
もし、スケジュールに余裕があれば、\r\n二週間後に休ませていただいてもいいですか？,혹시 스케줄에 여유가 있다면\r\n2주일 뒤에 쉬어도 괜찮을까요?
いえ、勝手なことを言ってごめんなさい……,"아뇨, 멋대로 말을 해서 죄송합니다……"
ちょっと残念ですけど、\r\nまた余裕のある時にお休み取らせてください♪,조금 아쉽지만\r\n다시 여유가 있을 때 쉬게 해주세요♪
今週少しお休みしてもいいですか？,이번 주에 잠깐 쉬어도 될까요?
ふぅ\r\n終わりましたぁ,후우\r\n끝났어요
むんっ,무웅
お疲れ様、真乃,"수고했어, 마노"
ラジオや写真撮影よりも、緊張しました……,"라디오나 사진 촬영보다, 긴장했어요……"
でも、充実した顔をしてるな,"그래도, 만족한 얼굴이구나"
ほわ……そうですね\r\nひとつやり遂げた気分ですっ,호와…… 그렇죠\r\n벽 하나를 넘은 기분이에요
でも、うまくお話できなかったところもあって……\r\n次は、もっときちんとできるようになりたいです,"그치만, 말을 잘 못한 부분도 있어서……\r\n다음엔, 좀 더 제대로 할 수 있게 되고 싶어요"
真乃ならきっとできるよ\r\n次はさらに上手くやろう,마노라면 할 수 있어\r\n다음엔 더 잘하자
はい、プロデューサーさん\r\n私頑張ります,"네, 프로듀서님\r\n저 노력할게요"
プロデューサーさん、いいお知らせがありますよ、\r\n前よりもいっぱいお話できました,"프로듀서님, 좋은 소식이에요, \r\n전보다 많이 얘기했어요"
うん、成長が感じられてとても良かった\r\n今回の放送の真乃を見て、全国の人が癒されるだろうな,"응, 성장한 게 느껴져서 정말 좋았어\r\n이번 방송에 나온 마노를 보고, 전국 사람들이 치유받겠지"
ほわっ！\r\nそ、それは……プレッシャーです……,"호와!\r\n그, 그건…… 부담되네요……"
まぁ、気にしても仕方ないから、\r\n今日はゆっくりするといいよ,"뭐, 신경써도 어쩔 수 없으니까, \r\n오늘은 편히 쉬렴"
あの……私、次のテレビ出演に備えて、\r\nもっと上手くしゃべれるようになりたいです,"저기…… 저, 다음 티비 출연에 대비해서, \r\n좀 더 능숙하게 말할 수 있게 되고 싶어요"
だからアドリブの練習ということで、\r\n変な話題を振ってみてくださいっ,"그러니까 애드리브 연습삼아서, \r\n이상한 질문을 해주세요"
え、ええ？\r\n急にそんな話、振られても……,"에, 에에?\r\n갑자기 그런 얘길, 해도……"
プロデューサーさんっ、パッと何か思い浮かびませんか？\r\n私、頑張ってお応えしますっ,"프로듀서님, 딱 떠오르는게 없나요?\r\n저, 최선을 다해 대답할게요"
なんか……俺のアドリブの練習になってないか？,뭔가…… 내 애드리브 연습이 되지 않았어?
ほわ？,호와?
プロデューサー、どうでしたか？,"프로듀서, 어땠나요?"
お疲れ様、灯織\r\n全力でやっていて良かったよ,"수고했어, 히오리\r\n전력으로 노래하던 모습 보기 좋더라"
でも……灯織自身、気になるところも\r\nあったんじゃないか？,"하지만……히오리, 스스로 신경쓰이는 점\r\n있지 않았어?"
……そうですね。単純なミスも多かったと思います\r\n素直に良かったとは言えませんね,……그렇네요. 단순한 미스도 많았던 것 같아요\r\n솔직히 좋았다고는 말 못하겠네요
それじゃあ、事務所に戻ったら反省会だな\r\nどうしたらもっと良くなるか、一緒に考えてみよう,"그럼, 사무소에 돌아가면 반성회 해야겠구나\r\n어떻게 하면 더 잘할 수 있을지, 함께 생각해 보자"
はい。……次こそは、もっといい\r\nパフォーマンスができるよう、頑張ります,"네, ……다음에야말로 더욱 더 좋은\r\n퍼포먼스 낼 수 있게, 열심히 할게요"
プロデューサー、引き続きよろしくお願いします,"프로듀서, 앞으로도 잘 부탁드릴게요"
ふぅ……プロデューサー、\r\n私のパフォーマンス、どうでした？,"후우……프로듀서, \r\n제 퍼포먼스, 어땠나요?"
ああ、すごく良かったぞ！　灯織もそう思っただろ？,물론 정말 좋았지! 히오리도 그렇게 생각하지?
はい……上手く、やれたと思います,네……잘한 거 같다고 느꼈어요
でも、完璧だったわけじゃありません\r\nもっと……もっといいパフォーマンスをしたいです,"하지만, 완벽하지는 않았어요\r\n더……좀 더 좋은 퍼포먼스를 보여주고 싶어요"
ああ、そうだよな,"그래, 그렇구나"
もっといいステージにするためにも、\r\nレッスン頑張っていこうな,"더 나은 스테이지를 보여주기 위해서라도,\r\n레슨 열심히 하자"
はい。まだまだ、上を目指します\r\n引き続き、よろしくお願いします,"네, 더 높은 곳을 목표로 할게요\r\n앞으로도, 잘 부탁드릴게요"
プロデューサー！　見ててくれたっ？,프로듀서! 보고 있었어?
わたしテレビに出ちゃったんだよ！？\r\nすごいよねっ、夢みたい！,나 TV에 나와버렸다구!?\r\n굉장하지! 꿈만같아!
もちろん\r\nめぐるの晴れ舞台、しっかり見てたよ,"물론이지\r\n메구루의 화려한 무대, 제대로 보고 있었다고"
えへへー、嬉しいなぁ！\r\n……あっ、そうだ！　友達にも連絡しなくちゃ！,"에헤헤-, 기쁜걸!\r\n……아, 맞다! 친구들한테 연락해야지!"
みんなきっと喜んでくれると思うぞ,다들 분명 기뻐해줄거야
もっともっとテレビに出られるようになって\r\nたくさん観てもらわないとな,앞으로 더 많이 TV에 나오게 되어서\r\n잔뜩 볼 수 있도록 해야겠는걸
うん！　でもそうなったら、\r\n毎日連絡で大忙しになっちゃうねぇ,"응! 그치만 그렇게되면,\r\n매일 연락하느라 바빠지겠는걸"
出演の度に、友達みんなに連絡するつもりか……？,출연할 때마다 친구 모두에게 연락할 셈이야……?
そうだよ？　あ、でも、いっぱい出るようになったら\r\nさすがに迷惑かなぁ……？　どうだろう……？,"맞아. 아, 그치만 많이 출연하게 된다면\r\n아무래도 민폐인가……? 어떨려나……?"
まぁ、先のことはともかく。今日のところは頑張ったんだ、\r\nみんなにしっかり報告しておけばいい,"뭐, 미래의 일은 나중에 신경쓰자. 오늘은 열심히 했어.\r\n모두에게 확실히 연락해두자"
うんっ！\r\nそうするね！,응!\r\n그렇게할게!
テレビ出演、お疲れ様\r\nよく頑張ったな,TV출연 수고했어.\r\n열심히 힘냈구나
ありがとう、すっごく楽しかったよー！\r\nでもね、まだまだできることがあると思うんだ,고마워. 엄청 즐거웠어-!\r\n그래도 아직 해야할게 있다고 생각해
カメラばっかり意識しちゃうと固まっちゃうし、\r\n次はもっと自然に動けるようになりたくって……,"카메라만 의식해버리면 굳어버려서,\r\n다음엔 더 자연스럽게 움직일 수 있도록 되고 싶어서……"
カメラより、見ててくれる人のことを考えればいいのかな？\r\nそれともカメラを人だと思って……,카메라보다 봐주는 사람을 생각하면 되는걸까?\r\n아니면 카메라를 사람이라고 생각해서……
（もう次に向けての反省をしてるのか）,(벌써 다음을 위해 반성하고 있는 건가)
あっ、そうだ！　連絡……は、あんまりしないって……\r\n……でも、今回は大きいお仕事だったし……いっか！,"앗, 맞다! 연락……은, 그다지 하지 말라고……\r\n……하지만, 이번은 큰 일이었으니까……괜찮나!"
（……と思ったそばから友達に連絡をし始めるのは、\r\n本当にめぐるらしい）,"( ……라고 생각하자마자 친구에게 연락하기 시작하는 건,\r\n정말 메구루답네 )"
うん！　じゃあまた！　……あれ？　プロデューサー\r\n笑ってるけどどうかしたの？,응! 그럼 다음에! ……어라? 프로듀서\r\n웃고 있는데 왜 그래?
いや、めぐるも成長したなと思って,"아니, 메구루도 성장했구나 싶어서"
プロデューサーもそう思ってくれてるの？\r\n最近友達にも言われて嬉しかったんだ！,프로듀서도 그렇게 생각해? \r\n최근에친구들한테도 들어서 기뻤었어!
……そうやって応援してくれる人たちのために、\r\nもっともっと頑張らなきゃいけないよね！,"…… 그렇게 응원해 주는 사람들을 위해서, \r\n더더욱 노력해야겠지!"
あっ、プロデューサー！\r\n来てくれたんやね！,"앗, 프로듀서! \r\n와있었던 거구마!"
ああ、お疲れ様\r\n収録はどうだった？,"그래, 수고했어\r\n수록은 어땠어?"
うん！　カメラも芸能人もいっぱいで\r\nばーり楽しかったとよ～！,응! 카메라도 연예인도 잔뜩이라\r\n겁ー나 재밌었던 거구마~!
出演してるみんな、歌もダンスも\r\nそのうえおしゃべりも上手でびっくりしたばい～,"출연하고 있는 모두, 노래도 댄스도\r\n게다가 수다도 능숙해가꼬 깜짝 놀랐어야~"
そうか、楽しめたみたいで何よりだ,"그런가, 즐거웠던 것 같아서 다행이야"
ばってん……うちは普段のライブと勝手がちがって\r\nちょっと本領発揮できんかったかも……,그른디…… 내는 평소의 라이브랑 사정이 달라가꼬\r\n쪼까 실력을 발휘 못혔을 지도……
うちにアイドルさせたら\r\n右に出るもんはおらん！　って思っとったけど……,내헌티 아이돌을 시키믄\r\n내보다 잘난 놈은 없구마! 하고 생각허고 있었는디……
アイドルの世界は広かー……\r\n早くどこでもよか仕事ができるように頑張らんとね！,아이돌의 세계는 넓구마ー……\r\n빨리 어디서든 좋은 일을 할 수 있도록 열심히 혀야것제!
ああ、そうだな\r\nたくさん経験を積んで次こそ本領発揮だ,"맞아, 그렇지\r\n잔뜩 경험을 쌓아서 다음에야말로 본 실력을 발휘하자"
うん！　今度はうちの真のパフォーマンスを\r\nテレビの前のみんなに見てもらうばい！,응! 다음엔 내 진정한 퍼포먼스를\r\nTV의 앞의 모두에게 보여줄거구마!
プロデューサー！\r\nうち、どうやったー！？,"프로듀서! \r\n내, 어땠당가―!?"
ああ、恋鐘のいいところが存分に出ていたと思うぞ,"응, 코가네의 장점이 충분히 드러났다고 생각해"
んふふー！　やろー？\r\nうちも今回、楽しくて仕方なかったばい！,"응후후ー! 그라제―?\r\n내도 이번엔, 즐거워서 어쩔 수 없었구마!"
ばってん、ダンスん時よかとこで転んだんよね……\r\n次は気をつけんばいかんねー！,"그런디, 댄스 중 좋을 때에 넘어져부러서……\r\n다음은 조심해야것제ー!"
（そういった前のめりな失敗も好評なんだけどな……）,( 그렇게 말한 저번의 어처구니 없는 실패도 호평이었지만 말야…… )
まぁ、小さいことは気にせずこれからも頑張ろうな,"뭐, 자잘한 건 신경쓰지 말고 앞으로도 열심히 하자"
うん！　失敗してもその後に\r\nそれ以上のパフォーマンスを見せればよかもんね！,응! 실패해도 그 다음에\r\n그 이상의 퍼포먼스를 보이면 되니까 말여!
よし！　これからもみんなに喜んでもらえるように\r\nばりばり頑張るたい！,좋아! 앞으로도 모두를 기쁘게 할 수 있도록\r\n겁나겁나 노력할 거여!
お疲れ様。リラックスしてていい感じだったぞ,수고 했어. 릴랙스하고 있어서 좋은 느낌이었어
当然だと思いますー\r\nこれくらいで緊張なんてしませんよー,당연하다고 생각해요ー\r\n이 정도로 긴장 같은 거 하지 않는다구요ー
さすが摩美々だな。でも、上手くいったとはいえ、\r\nいろいろと勉強になることもあったんじゃないか？,"역시 마미미구나. 하지만, 능숙하게 해냈다고는 해도,\r\n여러가지 공부가 된 것도 있지 않았니?"
どうでしょうねー？\r\n個性的な人がいっぱいいるのは、悪くないと思いましたケド,"어떠려나요―?\r\n개성적인 사람이 잔뜩 있는 건, 나쁘지 않다고 생각하는데요"
そうか。だけどその中でも\r\n自分を貫いていた摩美々が、１番個性的だったよ,"그런가. 하지만 그 중에서도\r\n자신을 관철하고 있던 마미미가, 가장 개성적이었어"
……面白い理由ですねー\r\n相変わらずプロデューサー、変わってますー,"……재미있는 이유네요―\r\n여전히 프로듀서는, 별나네요―"
そうかな？　自分ではそうは思わないんだが……,그럴까? 스스로는 그렇게 생각하지 않지만……
自分じゃ気づかないことって、ありますよねー,"자기는 눈치채지 못하는 것이란 게, 있는 거네요―"
まぁでも……変わった人を見て参考になる、\r\nなんてこともー、あるかもしれませんねー,"뭐 그치만…… 별난 사람을 보면 참고가 된다,\r\n같은 것도―, 있을지도 모르겠네요ー"
上出来だったな、摩美々！,"훌륭했어, 마미미!"
……大げさすぎませんかぁ？,……너무 과장하시는 거 아닌가요오?
そんなことないぞ。お客さんの反応もすごく良かったから\r\n今日の出演でファンが増えたんじゃないか？,그렇지 않아. 관객분들의 반응도 굉장히 좋았으니까\r\n오늘 출연으로 팬이 증가하지 않았을까?
ファン……なんだか不思議ですよねー,팬…… 왠지 신기하네요―
私は全然アイドルらしくないし、\r\nテキトーにやってるだけなのにー,"저는 전혀 아이돌 같지도 않고, \r\n적당하게 하고 있을 뿐인데―"
そんなふうに周りを気にしないで、\r\n自分のペースを崩さない摩美々の姿がみんな好きなんだよ,"그런 식으로 주위를 신경쓰지 않고,\r\n자신의 페이스를 무너뜨리지 않는 마미미의 모습을 모두 좋아하는 거야"
テキトーにしている私を好きになるのはぁ、\r\nみんなの自由ですケド,"적당하게 하고 있는 저를 좋아해 주는 건,\r\n모두의 자유입니다만"
私を見てくれてる人がいるのは……\r\nうれしいかな……,저를 봐 주고 있는 사람이 있는 건……\r\n기쁘다고 할까……
お疲れ様、咲耶。良かったぞ,"수고했어, 사쿠야. 괜찮던걸"
ありがとう\r\n自分で言うのもなんだけど、良くできたと思うよ,"고마워\r\n스스로 말하는 것도 뭐 하지만, 잘 했다고 생각해"
みんなも、楽しんでくれるといいのだけれど……,"모두도, 즐겨준다면 좋겠지만……"
きっとみんな楽しんでくれるさ\r\n次も、今日みたいに頑張ろうな,"분명 모두 즐기고 있을거야\r\n다음에도, 오늘처럼 열심히 하자"
ああ。もっともっとみんなに楽しんでもらうために、\r\n精一杯やらせてもらうよ,"그래. 더더욱 모두가 즐길 수 있도록,\r\n있는 힘껏 하도록 할게"
お疲れ様、咲耶\r\nすごくいいパフォーマンスだったぞ！,"수고했어, 사쿠야\r\n굉장히 좋은 퍼포먼스였어!"
みんな、とてもいい笑顔でうれしかったよ\r\nテレビの前の人たちも喜んでくれるパフォーマンスができた,"모두, 무척 좋은 미소를 짓고 있어서 기뻤어\r\nTV의 앞의 사람들도 기뻐해 줄만한 퍼포먼스를 할 수 있었어"
ああ、\r\n間違いなく、みんな喜んでくれるさ,"응, \r\n틀림없이, 모두 기뻐해 줄 거야"
クス。アナタの笑顔も見られてうれしいよ,후훗. 당신의 미소도 볼 수 있어서 기뻐
これからもみんなの笑顔のために頑張りたいな\r\nアナタも、私のことを手伝ってくれるかい？,"앞으로도 모두의 미소를 위해 노력하고 싶어\r\n당신도, 내 일을 도와줄 수 있을까?"
ああ、全力でサポートするぞ！,"그럼, 전력으로 서포트할게!"
結華、お疲れ様\r\n今日の収録はどうだった？,"유이카, 수고했어\r\n오늘 녹화현장은 어땠어?"
えへへー！　楽しかったよ！\r\n今までテレビで見てた世界に飛び込んだ感じでさぁ,에헤헤ー! 즐거웠어! \r\n지금까지 TV로 보고 있었던 세계에 뛰어든 느낌이라 말야
でもね、正直なところ、\r\n三峰まだまだ改善点が多かった……！,"그치만, 솔직히,\r\n미츠미네는 아직 개선해야 할 점이 많았어……!"
カメラあると動き固くなっちゃうし、目線向けるのも\r\n頭使わなきゃだし、笑顔強張りそうだったし！,"카메라가 있으면 움직임이 딱딱해져 버리고, 시선 향하는 것도\r\n머리를 써야 하고, 미소도 굳어버릴 것 같았으니까!"
そうか、なるほど\r\n終わってすぐ反省ができているのは大事なことだな,"그런가, 과연\r\n끝나자마자 반성하는 것은 중요하지"
……でも、それだけか？\r\n俺は良かったと思ったところ、いっぱいあるぞ,"……하지만, 그것뿐이야? \r\n나는 잘했다고 생각한 곳, 잔뜩 있는데"
……Ｐたんったら、三峰の判定甘めじゃない？　\r\nそんなんじゃ調子に乗っちゃうよ？,"……P땅도 참, 미츠미네의 판정 무르지 않아? \r\n그러면 우쭐해져 버린다구?"
でも……そうだね\r\n結構頑張った！　し、上手くいった！　と思う！,"하지만…… 그렇지\r\n상당히 열심히 했! 고, 능숙하게 했다! 고 생각해!"
これもプロデューサーのおかげだよ、ありがとね！,"이것도 프로듀서의 덕분이야, 고마워!"
ねーねープロデューサー、\r\n今日は三峰、頑張ったんじゃないかな？,"저기 저기 프로듀서, \r\n오늘의 미츠미네, 열심히 한 거 아닐까?"
プロデューサー的にも、褒めちゃう案件なのでは？,"프로듀서적으로도, 칭찬해버릴 안건이지 않아?"
そうだな。普段からの努力の成果だ,그렇네. 평소부터 해온 노력의 성과네
ありゃ？　そこは、慢心しないでレッスンあるのみ！\nって熱血系で忠告のパターンじゃないの？,"어라? 거기는, 자만하지 말고 레슨만이 있을 뿐! \r\n하고 열혈계로 충고하는 패턴 아냐?"
結華が慢心してないのはよく知ってるからなぁ,유이카가 자만하지 않는다는 건 잘 알고 있으니까 말야
おっと……\r\nなかなか結構な褒め言葉だね,어이쿠……\r\n꽤나 훌륭한 칭찬이네
本当のことだからな,사실이니까
……そっか。……ふふ。三峰、味しめちゃったかも\r\nもっと褒めてもらえるように頑張らなきゃだね,"…… 그런가. …… 후후. 미츠미네, 중독돼 버릴지도\r\n좀 더 칭찬받을 수 있도록 노력해야겠네"
三峰のさらなる活躍に乞うご期待！　ってことで！\r\nしっかり見ててね？　プロデューサー！,미츠미네의 더 많은 활약을 기대해 주시길! 이란 걸로! \r\n똑똑히 지켜봐 줘? 프로듀서!
ああ、楽しみにしてるぞ,"그래, 기대하고 있을게"
あ、あの、プロデューサーさん……\r\nわたし……ちゃんとカメラに映れてましたか……？,"저, 저기, 프로듀서님……\r\n저…… 제대로 카메라에 비춰졌었나요……?"
緊張で……喋れなくて……\r\nそ、存在感……ありませんでしたよね……,"긴장해서…… 말을 잘 할 수가 없어서……\r\n조, 존재감……없었던 거죠……"
はは、大丈夫。ちゃんとカメラに映ってたし、\r\n質問だってきちんと答えてたじゃないか,"하하, 괜찮아. 제대로 카메라에 비춰졌고,\n질문도 확실히 대답했잖니"
俺は、上出来だと思ってるよ,"나는, 성과가 좋았다고 생각해"
……よかった……,……다행이다……
それに、たくさん話せば目立つってわけじゃないんだ\r\n霧子は……他の出演者をちゃんと立ててる,"게다가, 많이 이야기를 한다고 눈에 띄는 건 아니야\r\n키리코는…… 다른 출연자들에게 확실히 존재감을 보여줬어"
みんな、霧子のおかげで気持ちよく収録できたはずだし、\r\nその雰囲気は、ちゃんとカメラが捉えてるぞ！,"모두, 키리코 덕분에 기분 좋게 녹화를 진행할 수 있었을 거고,\r\n그 분위기는, 빠짐 없이 카메라가 포착했다구!"
は……はい……！,네…… 네……!
このまま行こう。霧子は霧子らしく\r\nやっていけばいいんだ,이대로 가자. 키리코는 키리코답게\r\n해 나가면 돼
プロデューサーさん……\r\nはい……がんばってみます……！,프로듀서님……\r\n네…… 노력해 볼게요……!
今回は、わたし……カメラのレンズさんとも……\r\n仲良くできた気がします……♪,"이번엔, 저…… 카메라의 렌즈 씨와도……\r\n사이 좋게 했단 기분이 들어요……♪"
レンズと……仲良く？,렌즈와…… 사이 좋게?
その……\r\nお客さんが入らない収録だと……,그……\r\n관객이 들어오지 않는 수록이라면……
誰に気持ちを届けたらいいか、\r\nわからなくなってしまうので……,"누구에게 기분을 전하면 좋을지, \r\n잘 모르게 되어 버려서……"
だから、いつもわたしを映してくれてる……\r\nカメラのレンズさんに、ありがとうって伝えたんです……！,"그러니까, 항상 저를 비춰 주고 있는……\r\n카메라의 렌즈 씨에게, 고마워요라고 전한 거예요……!"
はは、なるほどなぁ……,"하하, 과연……"
そうだな、霧子\r\nレンズは、その向こうにいる人たちの目ときっと一緒だ,"그렇구나, 키리코\r\n렌즈는, 저 너머에 있는 사람들의 눈하고 분명 같아"
だから、今日は……テレビを観てくれてる人たちにも\r\n気持ちが伝わったんじゃないか？,"그러니까, 오늘은……TV를 봐 주는 사람들에게도 \r\n마음이 전해진 게 아닐까?"
はい……！\r\nそうだったら……とってもうれしいです……♪,네……! \r\n그렇다고 하면…… 무척 기뻐요……♪
果穂、お疲れ様。よく頑張ったな,"카호, 수고했어. 열심히 했구나"
スッゴくドキドキしちゃいましたっ！\r\nプロデューサーさん、あたし、どうでしたかっ？,"엄청 두근두근거렸어요! \r\n프로듀서님, 저, 어땠나요?"
果穂の明るさがよく伝わってきたよ\r\n観た人も、きっと元気をもらえたと思うぞ！,"카호의 명랑함이 잘 전해졌어 \r\n본 사람도, 분명 기운을 받았다고 생각해!"
えへへ、ありがとうございますっ！\r\n次は、もっとみなさんに元気をあげたいです！,"에헤헤, 고맙습니다! \r\n다음은, 더욱 모두에게 기운을 주고 싶어요!"
そうだな。じゃあ頑張ってレッスンをして、\r\n磨きをかけていこう,"그렇지. 그럼 열심히 레슨을 해서, \r\n연마하자"
なるほど……特訓あるのみ、ですねっ！\r\nヒーローだって、特訓して強くなるんですっ！,"과연…… 특훈만이 있을 뿐, 인 거네요! \r\n히어로도, 특훈해서 강해져요!"
ああ。まわりの人たちも、\r\n特訓を繰り返して強くなったんだ,"그래. 주위 사람들도, \r\n특훈을 반복해서 강해진거야"
はい！　スゴい人は、みんなスゴい努力をしてるんですね！\r\nあたしももっと、頑張らなくちゃっ！,"네! 굉장한 사람은, 모두 굉장한 노력을 한 거네요! \r\n저도 더욱, 열심히 해야겠어요!"
プロデューサーさんっ！　どうでしたか！？\r\nあたし、ちゃんとみんなを笑顔にできましたかっ！？,"프로듀서님! 어땠나요!? \r\n저, 제대로 모두를 미소짓게 했나요!?"
ああ、大丈夫だ\r\n果穂の想いは、ちゃんと伝わったよ,"그래, 괜찮아\r\n카호의 마음은, 제대로 전해졌어"
わぁぁ……うれしいですっ！　あたし、さっき……\r\nファンのみなさんの笑顔を考えながら、歌ったんです！,"와아…… 기뻐요! 저, 방금……\r\n팬 여러분의 미소를 생각하면서, 노래했어요!"
そうしたら、スゴく力が湧いてきたんです！\r\nこれが『正義の心』、なんですねっ！,"그랬더니, 엄청 힘이 솟았어요! \r\n이게 『정의의 마음』, 인거네요!"
そうか。だからステージで、あんなに輝いてたんだな,"그런가. 그래서 스테이지에서, 그렇게 빛나고 있던 거구나"
えへへ。あたし、これからもみんなの笑顔を守るために、\r\nステージの上で戦い続けます！,"에헤헤. 저, 앞으로도 모두의 미소를 지키기 위해서, \r\n스테이지 위에서 계속 싸울 거예요!"
だから、これからもあたしに力を貸してくださいっ！\r\nプロデューサーさん！,"그러니까, 앞으로도 제게 힘을 빌려주세요! \r\n프로듀서님!"
任せてくれ！　全力でサポートするよ,맡겨 줘! 전력으로 서포트할게
はいっ！　プロデューサーさんがいてくれたら、\r\nあたしはもっと強くなれますっ！,"넵! 프로듀서님이 있어주신다면, \r\n저는 더욱 강해질 수 있어요!"
あぁ緊張したぁ……！,아 긴장했다아……!
……えへへ。カメラを向けられた時は、\r\nやっぱりちょっと構えちゃいました,"…… 에헤헤. 카메라가 향했을 때는, \r\n역시 조금 표정을 만들게 되네요!"
あ、でも！　ちゃんと楽しかったんですよ？\r\n緊張ばっかりじゃなかったです！,"아, 그치만! 제대로 즐겼다구요? \r\n긴장하기만 한 건 아니에요!"
そうか、よく頑張ったな。お疲れ様,"그런가, 열심히 했구나. 수고했어"
……あの。プロデューサーさん？,…… 저기. 프로듀서님?
これで、今までよりたくさんの人に、\r\nチョコアイドルの姿が届きますよね……？,"이거로, 지금보다 더 많은 사람들에게, \r\n쵸코 아이돌의 모습이 전해지는 거네요……?"
もちろんだ\r\nこうやって智代子の魅力をもっと届けていこう,물론이지\r\n이렇게 치요코의 매력을 더욱 전해 가자
次の機会も頑張ろうな,다음 기회도 열심히 하자
──はい！　よろしくお願いします！,──네! 잘 부탁드립니다!
お疲れ様でした！　今日はありがとうございました！,수고하셨습니다! 오늘은 감사합니다!
また機会があったら、チョコアイドル園田智代子を、\r\nどうぞよろしくお願いします！,"또 기회가 있다면, 쵸코 아이돌 소노다 치요코를, \r\n아무쪼록 잘 부탁드립니다!"
自分からスタッフに挨拶か……\r\nいい心がけだと思うぞ,스스로 스태프에게 인사인가……\r\n좋은 마음가짐이라고 생각해
あっ、プロデューサーさん！　お疲れ様です！,"앗, 프로듀서님! 수고하셨어요!"
だって、こんなふうにテレビに出させてもらえるの、\r\nすごくありがたいですから,"그야, 이런 식으로 TV에 나오게 해 주는 게,\r\n엄청 고마우니까요"
テレビに出れば、ファンのみんなが喜んでくれるチャンスが\r\n増えるんだなって思って！,"TV에 나오면, 팬 모두가 기뻐해 줄 찬스가\r\n증가하는구나 싶어서!"
そういう実感が湧くと、お仕事ってどんどん\r\n楽しくなるんだなって──これ、最近の発見なんです！,"그런 실감이 솟아 오르면, 일이란 게 점점\r\n즐거워지는구나 해서──이건, 최근에 발견한 거예요!"
アイドルとしてのプロ意識が育ってきてる証拠だな,아이돌로서의 프로 의식이 자라고 있다는 증거야
ほんとですか？　プロデューサーさんに\r\nそう言ってもらえると、照れちゃいますね……！,"정말인가요? 프로듀서님께\r\n그렇게 말씀해 주시면, 쑥쓰럽네요……!"
次もファンのみんなに喜んでもらえるように、\r\n頑張ります！,"다음에도 팬 모두가 기뻐할 수 있도록, \r\n열심히 할게요!"
はぁ……はぁ……\r\nつ、疲れたぁ……,"하아……하아……\r\n지, 지쳤어……"
やっぱ、慣れねーことすると緊張するな\r\nアタシ、上手くやれてたのか……？,"역시, 익숙하지 않은 걸 하면 긴장되네\r\n나, 잘 했으려나……?"
お疲れ、樹里\r\nとてもいい収録だったぞ,"수고했어, 쥬리\r\n아주 좋은 녹화였어"
へへ、そうか？　アタシとしては緊張しちまって\nマトモに喋れた気がしねーけど……,"헤헤, 그래? 나로선 긴장해서\r\n제대로 말한 느낌이 안 드는데……"
でも、テレビに出れて最高だったよ\r\nもっと頑張って、また出てーな……,"그래도, 텔레비전에 나올 수 있어서 최고였어\r\n좀 더 노력해서, 또 나오고 싶네……"
心配するな\r\n今の樹里なら絶対にまた出れるさ！,걱정하지 마\r\n지금의 쥬리라면 틀림없이 다시 출연할 수 있어!
俺もしっかりサポートするし\r\nこれからもっとレッスン頑張っていこうな！,나도 빈틈없이 서포트할 테니까\r\n앞으로 더욱 레슨 열심히 하자!
おう、ありがとな\r\nアンタと一緒なら、何度でもいける気がするぜ,"응, 고마워\r\n너와 함께라면, 얼마든지 해낼 수 있을 것 같아"
プロデューサー、どうだった？\r\nアタシも結構やるもんだろ,"프로듀서, 어땠어?\r\n나도 꽤 하지?"
ああ、前より慣れてきたんじゃないか？\r\n自然な樹里が見せられてて、すごく良かったぞ,"으응, 전보다 익숙해지지 않았나?\r\n쥬리가 자연스럽게 보여져서 매우 좋았어"
へへ、だろ？　初めての時は緊張したけど\n今じゃちょっとだけアドリブも挟めるようになったしな,"헤헤, 그치? 처음할 땐 긴장했었어도\r\n지금은 조금 애드립도 할 수 있게 됐고 말야"
……まぁ、こうやって上手くやれるようになったのは\r\nアンタのおかげでもあるからな。一応、感謝してるぜ？,"……뭐, 이렇게 능숙하게 될 수 있었던 건\r\n네 덕분이기도 하니깐. 일단, 감사하고 있다고?"
ははは、そう言ってもらえると嬉しいよ\r\nでも、今があるのは樹里の努力があってのことだ,"하하하, 그렇게 말해줘서 고마워\r\n그래도 지금이 있는 것은 쥬리의 노력이 있었기 때문이야"
その甲斐もあって、今の樹里は\r\n自信に溢れた、いい表情をするようになったしな,"그 덕분에, 오늘의 쥬리는\r\n자신이 넘치는 좋은 표정이 됐고 말야"
は、はぁっ？　……また恥ずかしいこと言いやがって\nまぁ、悪い気はしねぇけどよ……,"뭐, 뭐어? ……또 부끄러운 말 해대고\r\n그게, 기분은 나쁘진 않지만……"
つか、そうだとしたら\r\nこれもアンタのおかげだからな,그보다 그렇다면\r\n이것도 네 덕분이니깐
っつーことで\r\nこれからも頼むな、プロデューサー！,"그러니깐\r\n앞으로도 잘 부탁해, 프로듀서!"
ただいま、戻りました……,"지금, 다녀왔습니다……"
おかえり、凛世\r\n今日は、着物の方の衣装もすごく映えてたぞ！,"어서와, 린제\r\n오늘은, 기모노 의상을 입었어도 엄청 빛났다고!"
スタッフの人もすごく褒めてくれてるんだ\r\nよく頑張った……！,스탭분들도 엄청 칭찬해 주셨어\r\n잘했어……!
（カメラの前でも表情を変えないから\r\n少しだけ、ヒヤヒヤしたけどな……）,"(카메라 앞에서도 표정이 바뀌지 않으니까\r\n약간, 조마조마했지만 말야……)"
はい……ありがとうございます……,네…… 감사합니다……
今日の着物は、若松の文様のものでございまして……,"오늘의 기모노는, 어린 소나무의 문양이 들어간 것으로……"
これから……成長できたらと……\r\nそうした想いを、こめてみたものです……,"앞으로…… 성장할 수 있으면 좋겠다는……\r\n그런 희망을, 담아본 것입니다……"
（そうか……表情に出なくても\r\n凛世なりに成長したいという意識はあるんだな）,(그런가…… 표정으로는 나오지 않아도\r\n린제 나름대로 성장하고 싶다고 의식하고 있구나)
なるほどな……よし！\r\nじゃあ、俺も凛世のために、頑張るよ,"과연…… 좋아!\r\n그럼, 나도 린제를 위해서, 힘낼게"
プロデューサーさま……\r\n末永く……よろしくお願いいたします……！,프로듀서님……\r\n오래도록…… 잘 부탁드립니다……!
お疲れ様、凛世\r\nよく頑張ったな,"수고했어, 린제\r\n잘했어"
プロデューサーさま……\r\n今日の凛世は……いかがだったでしょうか？,프로듀서님……\r\n오늘의 린제는…… 어떠셨나요?
ああ、\r\nもちろん最高だったぞ！,"응,\r\n물론 최고였어!"
他の出演者にもよく馴染んでたし\r\nなんていうか……目を引く魅力があった,다른 출연자들과도 잘 친해지기도 했고\r\n뭐랄까…… 시선을 끄는 매력이 있었어
凛世は、カメラが回ると\r\n目とか口元のあたりまでグッと変わるんだよな,"린제는, 카메라가 돌면\r\n눈이나 입가 근처까지 많이 바뀌는구나"
……そのようなところまで\r\n見ておられるのですね……,……그러한 곳까지\r\n보고 계셨군요……
あ、いやっ、その……\r\nすごく、オーラがあるってことだぞ！,"아, 아닛, 그……\r\n굉장히, 오라가 있다는 거야!"
凛世はただ……\r\nモニターの向こうの貴方さまと、ファンのみなさまを……,"린제는 단지……\r\n모니터 너머의 당신과, 팬 여러분들을……"
想ったまででございます……,생각했을 뿐입니다……
プロデューサーさまと同じように……\r\n多くのみなさまにも……この気持ちが、届きますよう……,"프로듀서님과 같이……\r\n많은 여러분들에게도……이 기분이, 닿길 바라며……"
ふう……少し緊張したわ,후우…… 조금 긴장했어
お疲れさま、夏葉\r\nそうは見えないくらい、堂々としていたな,"수고했어, 나츠하\r\n그렇게 안 보일 정도로, 당당했었어"
そうかしら……ありがとう\r\n確かに、とても充実した時間だったわ,"그랬으려나…… 고마워\r\n확실히, 무척 충실한 시간이었어"
収録の内容も良かったと思うぞ,수록의 내용도 좋았다고 생각해
そうね、上手くいったところも多かったわ！\r\nそこは次回も同じように頑張らないとね,"그렇지, 능숙하게 한 부분도 많았어! \r\n거기는 다음에도 똑같이 노력해야겠지"
でも……まだまだ満足できないの\r\nあまりよくない部分もあったもの,하지만…… 아직 만족할 수 없어\r\n그다지 좋지 않았던 부분도 있었으니까
それじゃあ、次までに良くしないとな,"그러면, 다음 기회까지 좋게 만들어야겠는 걸"
ええ、もちろんよ！\r\n次は、完璧な私を見せてあげるわ！,"응, 물론이야! \r\n다음엔, 완벽한 나를 보여주겠어!"
収録お疲れさま\r\n夏葉、大活躍だったな！,"녹화 수고했어\r\n나츠하, 대활약이었네!"
ありがとう！\r\n自分でも手ごたえを感じてるわ♪,고마워!\r\n스스로도 성취감을 느꼈었어♪
それにお客さんが、すごく楽しそうだった,"거기에 관객들이, 굉장히 즐거워 보였어"
ええ！　そうなの！\nみんなの笑顔がとても印象的だったわ,그래! 맞아! \r\n모두의 미소가 무척 인상적이었어
それを見て、私まで楽しくなれたの\r\nだから……,"그걸 보면서, 나까지 즐거워졌어\r\n그러니까……"
ファンのみんなにもっと喜んでもらえるよう、\r\n頑張りましょう！,"팬 모두가 더욱 기뻐할 수 있도록, \r\n열심히 하자!"
そうだな！　もっと夏葉の魅力を伝えていこう！,그렇지! 더욱 나츠하의 매력을 알리도록 하자!
はぁ、テレビって緊張するね……！\r\nちょっと疲れちゃったかも,"하아, 텔레비젼은 긴장되네……! \r\n조금 지쳤을지도"
お疲れ、よかったぞ,"고생했어, 나는 좋았어"
う～ん、そうかな？\r\n甘奈はあんまりうまくできなかった感じがするよ？,"으~ 음, 그럴까?\r\n아마나는 그다지 잘 하지 못했던 느낌이 드는데?"
そんなことない\r\nちゃんとやれていたさ,그렇지 않아\r\n제대로 하고 있었어
そうかな～、やっぱりカメラがあると\r\nいつもレッスンしてる時とは違う感じがするよ～,"그러려나~, 역시 카메라가 있으면\r\n언제나처럼 레슨하고 있던 때와는 다른 느낌이 들어~"
いつもみたいに、ステップできなかったもん,"평소처럼, 스텝을 밟을 수 없었는걸"
でも、しっかりと分析ができていて偉いぞ！,"하지만, 제대로 분석하고 있었으니까 장하네!"
えへへ、そう言ってくれると嬉しいかな,"에헤헤, 그렇게 말해주면 기쁘려나"
よし、今日できなかったところをしっかり克服しよう,"좋아, 오늘 못했던 부분을 제대로 극복하자"
だね！\r\nありがとうプロデューサーさん☆,그렇지! \r\n고마워 프로듀서님☆
うーん、終わったー！,"으ー음, 끝났다ー!"
お疲れ、なんだかいい顔してるな,"수고했어, 왠지 좋은 얼굴을 하고 있구나"
えへ、今回はかなりいい感じだったかな！\r\nいつもみたいに上手くダンスできたと思うんだ☆,"에헤, 이번엔 꽤 좋은 느낌이었으려나! \r\n평소처럼 능숙하게 댄스가 됐다고 생각하거든☆"
プロデューサーさんから見て、どーだった？,"프로듀서님이 보기엔, 어땠어?"
ああ、明るい甘奈のいいところが出てたな,"응, 밝은 아마나의 장점이 드러났었어"
えへへ、だったら良かったかな☆,"에헤헤, 그러면 다행이려나☆"
番組に出ると\r\n学ぶことがたくさんあるね！,방송에 나가면\r\n배울 것이 많네!
じゃあ、その学んだところを次に生かそう！,"그러면, 그 배운 걸 다음에 활용하자!"
うんっ！　それで番組を盛り上げて、\n見てくれた人にいっぱい楽しんでもらうんだ☆,"응! 그래서 방송을 띄우고, \r\n봐 준 사람들이 잔뜩 즐기게 하는 거야☆"
お疲れ様。いいパフォーマンスだったぞ！,수고했어. 좋은 퍼포먼스였어!
甜花、何してたのか……あんま、覚えてない……\r\nいっぱい人がいて……話したりとか、苦手だから……,"텐카, 뭘 했는지…… 그다지, 기억이 나지 않아……\r\n사람들이 잔뜩 있는 데서…… 토크 같은 건, 서투르니까……"
プ、プロデューサーさん……\r\n甜花、おかしなとこなかった……？,"프, 프로듀서님……\r\n텐카, 이상한 곳 없었어……?"
確かに緊張が伝わってきたな\r\nでも、甜花の良いところもいっぱい出てたぞ,"확실히 긴장한 게 전해졌지\r\n하지만, 텐카의 좋은 모습도 잔뜩 보였어"
にへへ……そうかな……？　\nそうだったら……嬉しい……,니헤헤…… 그런가……? \r\n그렇다면…… 기뻐……
ああ、それに苦手なら、これから慣れていけばいいさ\r\n甜花なら、きっと乗り越えられるはずだ,"그래, 게다가 서투르다면 지금부터 익숙해지면 되는 거야\r\n텐카라면 분명 넘어설 수 있을 거야"
う、うん……プロデューサーさん……\r\n甜花、次は、もっと、できるように……なりたい……,"으, 응…… 프로듀서님……\r\n텐카, 다음엔 좀 더, 잘 할 수 있도록…… 되고 싶어……"
だから、色々、教えて欲しい……\n甜花……頑張りましゅ！　あ、にへへ……,"그러니까, 여러가지, 가르쳐줬으면 해……\r\n텐카…… 노력하겠슙니다! 아, 니헤헤……"
甜花、よくやったな！\r\nすごい盛り上がりだったぞ！,"텐카, 정말 잘했어!\r\n엄청나게 분위기가 달아 올랐다구!"
今日は、歌もダンスも……あんまり、失敗しなくて……\r\nファンの人たち、みんな喜んでた……,"오늘은, 노래도, 댄스도…… 그다지, 실패하지 않아서……\r\n팬 여러분, 모두 즐거워했어……"
あ、あの……次はね……もっと、\r\n楽しくお話しできるようにしたいなって……思ってて……,"아, 저기…… 다음엔…… 좀 더 \r\n즐겁게 이야기 할 수 있게 되면 좋겠다…… 생각해서……"
なーちゃんや千雪さんと一緒に……\nいっぱい、テレビに出られるように、なりたいから……,"나쨩이나 치유키 씨하고 함께……\r\n잔뜩, TV 나갈 수 있게, 되고 싶으니까……"
甜花の頑張りがあれば、きっとできるさ,"텐카의 노력이 있다면, 분명 가능할 거야"
プ、プロデューサーさんとなら、できそう……\r\nだから甜花……もっともっと、頑張る……っ,"프, 프로듀서님과 함께라면, 될 거 같아……\r\n그러니까 텐카…… 더더욱, 노력할게……"
ああ、これからも頑張ろう！,"그래, 앞으로도 힘내자!"
うん……プロデューサーさんと一緒に……！,응…… 프로듀서님과 함께……!
お疲れ様、千雪\r\n堂々としてたな……ベテランの風格があったぞ,수고했어 치유키\r\n당당했어…… 베테랑의 풍격이 느껴졌는걸
い、いえ、そんな……\r\n緊張して、全然上手く喋れませんでした……,"아, 아뇨, 그런……\r\n긴장돼서 전혀 말을 잘할 수 없었어요……"
カメラを意識すると緊張して\r\n俯いてしまったりして……,카메라를 의식하면 긴장해서\r\n머리를 숙이기도하고……
はは、そんな風には見えなかったぞ,"하하, 그렇게 보이지는 않았다고"
そ、そうですか……？,"그, 그랬나요……?"
千雪が心の中でどう思っていようと、カメラやみんなの目に\r\n映った姿がアイドルとしての桑山千雪なんだ,"치유키가 마음 속으로 어떻게 생각하든, 카메라나 모두의 눈에\r\n비친 모습이 아이돌으로서의 쿠와야마 치유키야"
みんなが堂々としてたって言うなら、そういうことなんだ,"모두가 당당하게 보였다고 말한다면, 그런 거야"
……ふふ、プロデューサーさんの作戦、乗りました♪\r\nなんだか、そう考えると少し気が楽になりますね,"……후후, 프로듀서님의 작전, 넘어가드릴게요♪\r\n어쩐지 그렇게 생각하니 마음이 편해졌어요"
いつか、本当に堂々とできるように\r\nもっと頑張ります！,"언젠가, 정말로 당당하게 설 수 있도록\r\n더욱 노력할게요!"
（常に努力と反省を忘れない向上心……\r\n千雪は、きっと大物になるな！）,(항상 노력과 반성을 잊지않는 향상심……\r\n치유키는 분명 크게 될 거야!)
すごいぞ千雪、大成功だ！\r\nあんなにアドリブがきくなんて……！,"대단해 치유키, 대성공이다!\r\n그렇게 애드립이 통하다니……!"
急に犬の真似を振られて、すかさず『わん♪』だもんな……\r\n千雪の可愛らしさをしっかりアピールできていたぞ,"갑자기 개의 흉내를 내며, 곧바로 『멍♪』이라니……\r\n치유키의 귀여움을 확실히 어필했다고"
い、いえ……どうすればもっと喜んでもらえるかな？\r\nって考えてたら、自然と動けたんです,"아, 아뇨…… 어떻게 해야 좀 더 기뻐해주려나\r\n하고 생각했더니, 자연스럽게 움직여졌어요"
わん、は無意識でしたけど……,멍……은 무의식적으로 한 거지만……
いや……ほんと堂々としてたよ,아니…… 정말 당당했어
きっと普段から、みんなを喜ばせるために……って\r\n考えて行動してるからなんだろうな,분명 평소에도 모두를 기쁘게 하기 위해서……라고\r\n생각하고 행동했으니까 그렇겠지
いえ……毎日、自分にとって楽しいことばかりなんです\r\n私、本当に幸せ者だなあって思います,"아뇨…… 매일, 저에게 있어 즐거운 일들뿐이에요\r\n전, 정말로 행복한 사람이라고 생각해요"
ファンのみなさんや、プロデューサーさんのような\r\n素敵な人たちが周りにいるんですから,팬분들이나 프로듀서님 같은\r\n멋진 분들이 곁에 있으니까요
……そうか\r\n千雪がこの先どうなっていくのか、本当に楽しみだよ,……그런가\r\n치유키가 앞으로 어떻게 될지 정말로 기대되는걸
私も、この先のこと……明るく考えてます\r\n……プロデューサーさんも、ずっと見ていてくださいね？,저도 앞으로 있을 일들…… 긍정적으로 생각하고 있어요\r\n……프로듀서님도 계속 지켜봐 주실 거죠?
いいよ,좋아
ごめん,미안
そ、そうか,"그, 그랬군"
そうだね……,그렇네……
あ～、ちょー楽しかった♪,"아~, 초ー즐거웠어♪"
マジ、チャージ満タンってカンジ！\n明日からまた頑張るわ～,"레알, 충전만땅인 느낌!\n내일부터 또 열심히 할께~"
ありがとうございます、プロデューサー,"감사합니다, 프로듀서"
ありがとうございます……♪,감사합니다……♪
わぁ……,와……
プロデューサー、うちが上手くやっとくわ～,프로듀서 내가 잘 해볼게
フォローもこなせるチョコアイドル、なので！,뒷바라지도 해낼 수 있는 초코 아이돌이니까!
甜花、フォロー、してみるね……,"텐카, 뒷바라지, 해요……"
プロデューサーのために、頑張ってあげますー,"프로듀서를 위해서, 노력할게요-"
プロデュ－サ－、ここはアタシがなんとかしてやる,"프로듀서, 여기는 내가 어떻게든 할게"
私がなんとかしておくから\r\n仕事に集中なさいな,내가 어떻게든 해둘 테니까\r\n일에 집중하고 있어
あんた、ふゆとの約束忘れてるんじゃないでしょうね？,"너, 후유랑 한 약속 잊은 거 아니지?"
もしかして、おバカさんなの？\nふゆのプロデューサーなら、ちゃんとしてよね,"혹시 바보인거야?\n후유의 프로듀서라면, 제대로 해"
プロデューサーさん！,프로듀서님!
ん？　どうしたんだ？,응? 무슨 일이야?
わたしならなんとかできるかもっす！,저라면 어떻게든 될 것 같슴다!
プロデューサー、ゴメン、しくっちゃった,"프로듀서, 미안, 실수했어"
次はちゃんとやっから、カンベンね！,"다음엔 똑바로 할테니까, 참아줄거지!"
……約束、してたじゃない……,"……약속, 했었잖아……"
……ま、まあ、今回は許してあげる！\nその代わり、仕事ではちゃんとしなさいよ！,"……뭐, 뭐어, 이번엔 봐줄게!\n그 대신에, 일은 똑바로 해!"
あーあ、今日はボーカルレッスンのつもりで\n喉整えてきたのにー,"아ー아, 오늘은 보컬 레슨할 생각으로\n목을 가다듬고 왔는데ー"
どっかのプロデューサーのせいで、\nボーカルレッスンできなかったなー,"어딘가의 프로듀서 때문에,\n보컬 레슨 못하게 되버렸네ー"
わたしがなんとかするから！,내가 어떻게든 할테니까!
私がなんとかしてくるよ,내가 어떻게든 해볼게
うちがなんとかするけん！\nプロデューサーは安心してよか！,나가 어떻게든 해볼텡께!\n프로듀서는 안심혀도 되야!
かなり集中出来たっす！\nおかげですごいことがわかったんす！,상당히 집중이 잘됐슴다!\n덕분에 굉장한 걸 알게 됐슴다!
プロデューサーさん、今度、教えてあげるっすよ！\nすごいこと！,"프로듀서님, 굉장한 거!\n다음에 알려드리겠슴다!"
プロデューサーさま\n凛世に、お任せください,"프로듀서님\n린제에게, 맡겨 주십시오"
……あなたに何かしてあげる義理は無いんですが,……당신한테 뭔가 해줄 의리는 없지만
プロデューサーさん！\nこうしたらどうでしょうか？,프로듀서님!\n이러면 어떨까요?
プロデューサーさん……,프로듀서님……
次は、研究、させてくださいっす……！,"다음엔, 연구, 하게 해주셨음 함다……!"
ふふ、私が何とかしてみますね,"후후, 제가 어떻게든 해보일게요"
プロデューサーさん、私がなんとかしてあげますねー？,"프로듀서님, 제가 어떻게든 해드릴게요ー?"
予定がつまってるのに、休めないですよね\n私もプロ、ですから……,"예정이 꽉 찼으니까, 쉴 수 없는 거겠죠\n저도 프로, 니까요……"
プロデューサー、ちょっと聞いて……！,"프로듀서, 잠깐 들어봐……!"
ど、どうでしたか\nプロデューサーさん……！,"어, 어땠나요
프로듀서님……!"
うん、すごくよかったよ\n小糸、成長したな,"응, 엄청 좋았어
코이토, 성장했구나"
で、ですよね……！\nわたしもそんな気がして……,"그, 그렇죠……!
저도 그런 느낌이 들어서……"
ああ、見ている人にも小糸のよさが\n伝わったと思うよ,"응, 보고 있던 사람한테도 코이토의 성장이
전해졌다고 생각해"
え、えへへ……,"에, 에헤헤……"
あ、い、いえ……！\nまあこのくらい……と、当然ですけどね……！,"아, 아, 아뇨……!
뭐 이정도…… 다, 당연한 거지만요……!"
はは、自信が持てたみたいで何よりだよ,"하하, 자신감이 생긴 것 같아 다행이네"
な、なんですかー！\nわたしはいつも自信たっぷりですよ、プロデューサーさん！,"뭐, 뭔가요!
저는 항상 자신만만이라구요, 프로듀서님!"
そうだったな\nすまんすまん,"그랬었지
미안 미안"
も、もう……！　次はもっと頑張って、\nプロデューサーさんをあっと驚かせますからね……！,"저, 정말……! 다음엔 더욱 열심히 해서
프로듀서님을 깜짝 놀라게 할 거라구요……!"
────ごちそうさまでした,────잘 먹었습니다
腹が膨れたら……ふぁ……眠気が……,배가 부르니까…… 후아……졸음이……
お昼休みが終わるまで少しだけ休むか\n……アラーム、セット……よし,"점심시간 끝날 때까지 잠깐 쉴까\n……알람, 세팅……오케이"
おやすみなさい──……,안녕히 주무세요──……
……？　──あ……プロデューサーさん……\n寝てる、のかな……？,"……? ──아……프로듀서님……\n자고, 있는 걸까……?"
……ぷ、プロデューサーさん\nその……アラーム鳴ったみたいです……,"……프, 프로듀서님\n그…… 알람 울리는 것 같아요……"
……ほわ,……호와
…………起きてください\nプロデューサーさん……,…………일어나 주세요\n프로듀서님……
お、おはようございます……\n少しは、お休みできましたか……？,"아, 안녕하세요……\n좀, 쉬셨나요……?"
ちょっと……\n打ち合わせだって言ってきたのはあんたのはずよね……！？,쫌……\n회의라고 했던 건 너잖아……!?
ほんっと最悪……！,진짜 최악이야……!
……ふゆのこと待たせて\n眠りこけてんじゃないわよ、もう……！,"……후유를 기다리게 하다니\n자고 있을 때가 아니라고, 정말……!"
…………起きたんだったら、早く機嫌とりなさい,"…………일어났으면, 빨리 정신차려"
──……あっ、あれ……？\n起きなくて大丈夫なのかな……,"──……앗, 어라……?\n안 일어나도 괜찮은 건가……"
…………大丈夫じゃないよね……！,…………괜찮을 리가 없잖아……!
プロデューサーさーん……？\n時間、遅れちゃいませんかー……？,"프로듀서님……?\n시간, 늦지 않나요ー……?"
おはようございます、起こしちゃってすみません……\nお仕事ですか？　頑張ってくださいね！,"안녕하세요, 깨워서 죄송해요……\n일이신가요? 힘내주세요!"
プロデューサー？\nアラーム気付いて──ないなぁ、これは,프로듀서?\n알람 눈치 못챘구만──이건
……しかし、この時期の三峰の前にしては、\n少し無防備すぎじゃあないですかねぇ……,"……근데, 이 시기의 미츠미네를 앞에둔 거 치곤,\n너무 무방비한거 아닙니까요……"
……こーら\nもう起きる時間だぞー、お兄さん？,"……자\n이제 일어날 시간이라구ー, 오빠?"
あははっ、おはようＰたん！\n目は覚めたね？　イタズラは成功かな？,"아하핫, 안녕 P땅\n정신 차렸어? 장난은 성공이려나?"
プロデューサー……\nこんなところで寝たら風邪を引きますよ,프로듀서……\n이런 곳에서 자면 감기걸릴거라구요
……………………\nプロデューサー、寝てますよね……？,"……………………\n프로듀서, 자고 있는 거죠……?"
──プロデューサー……\n仕事、お疲れ様です。いつもありがとうございます,"──프로듀서……\n일, 수고하셨어요. 항상 고맙습니다"
ひっ！　……あ、ええと、なんでもありません\n──その……き、聞こえてました、か……？,"힉!　……아, 그게, 아무것도 아니에요\n──그……드, 들으신 건가요……?"
あら？　アラーム鳴りやんじゃった……,어라? 알람 울리고 있네……
プロデューサーさん、まだ夢の中みたい,"프로듀서님, 아직 꿈나라인 것 같아"
ほら、起きないと遅刻しますよ……,"자, 일어나지 않으면 지각해버려요……"
ふふっ\nおはようございます……！,후훗\n안녕하세요……!
……何、この音,"……뭐야, 이 소리"
…………え、寝てる……,"…………에, 자고 있어……"
…………,…………
仕事場のデスクで熟睡とか\n……流石ですね、ミスター・ドリーマー,"일하는 곳의 책상에서 숙면이라니\n……대단하시네요, 미스터 드리머"
プロデューサーなんか鳴っとるよ～？\n…………寝とると？,프로듀서 뭔가 울리고 있구마잉~?\n…………자고 있는겨?
ほ、ほんとに寝とると～…………？,"차, 참말로 자고 있는겨~…………?"
……プロデューサー\nうち――……,……프로듀서\n나――……
ふぇ、ぷ、プロデューサー！？\nお、起きとったと～……！？,"후에, 프, 프로듀서!?\n일어난겨~……!?"
……ふむ\n気持ちよく眠っているアナタを起こすのは気が引けるけれど,……흠\n기분 좋게 자고 있는 당신을 깨우는 건 내키지 않지만
後で困るのはアナタだものね\n私も心を鬼にしよう,나중에 곤란해지는 건 당신인걸\n나도 마음을 독하게 먹어야지
──さぁ起きて、プロデューサー,"──자, 일어나, 프로듀서"
残念だけれど、\n心地よいうたた寝とはお別れの時間だよ,"아쉽지만,\n기분 좋은 선잠과는 이별할 시간이야"
プロデュー──……\n……って、寝てるしー,"프로듀──……\n……아니, 자고 있네ー"
……ケド、ふふー\nこれ、据え膳ってやつー？,"……그래도, 후후ー\n이게, 차려진 밥상이란 건가ー?"
ふー……,후ー……
おはようございまぁす\nふふー、ナイスリアクションー,"안녕하세요오\n후후ー, 나이스 리액션ー"
プロデューサー？　プロデューサー！\n……すごい、起きない！,"프로듀서? 프로듀서!\n……대단해, 안 일어나!"
…………うん,…………응
──プロデューサー？　起きないなら……\n思いっきりくすぐっちゃおうかなー……？,──프로듀서? 안 일어날 거면……\n마음껏 간지럽혀버릴까ー……?
あははっ！　おはよう、プロデューサー！\nくすぐりの刑はおあずけだね！,"아하핫! 안녕, 프로듀서!\n간지럼 형벌은 미뤄졌네!"
プロデューサーさん……\n寝てる……？,프로듀서님……\n자고 있어……?
お……\nおはようございまーす……！,아……\n안녕하세요ー……!
テッテレー……\nにへへ……ドッキリ、大成功……！,"짜자잔ー……\n니헤헤……놀래키기, 대성공……!"
……え、寝てる？,"……에, 자고 있어?"
……うわ、寝てるわ,"……우와, 자고 있네"
ふー,후ー
……\n起きてんじゃん,……\n일어났잖아
────プロデューサーさん……？,────프로듀서님……?
……\n起きて……ますか……？,……\n일어나……계신가요……?
──\nようこそ……ハロウィンの国へ……,──\n어서 오세요……할로윈의 나라에……
わ……！　ふふ……\n────ようこそ……,와……! 후후……\n────어서 오세요……
ん～？\nプロデューサー、寝てます～？,"응~?\n프로듀서, 자고 있어요~?"
ね、プロデューサー起きて～？\n起きないの～？,"저기, 프로듀서 일어나~\n안 일어나~?"
…………あは～……\nはやく起きないと～――……,…………아하~……\n얼른 안 일어나면~――……
やは～♡　ざんねん～\nプロデューサー起きちゃった～,야하~♡ 아쉽네~\n프로듀서 일어나버렸어~
――ぴぇ！？\nあ……アラーム……,――삐에!?\n아……알람……
プロデューサーさん……？\nね、寝てますか……？,"프로듀서님……?\n주, 주무시고 계신가요……?"
こんなところで寝てると\n風邪引いちゃいますよー……,이런 데서 주무시면\n감기 걸려요ー……
わ……！　び、びっくりした……\nお、おはようございます……！,"와……! 까, 깜짝이야……\n아, 안녕하세요……!"
プロデュ────\n────も……申し訳ございません……,프로듀────\n────죄……죄송합니다……
眠って……いらっしゃるのですね……\n……────,주무시고……계시는군요……\n……────
────……\nお優しい……お顔……,────……\n다정하신……얼굴……
────！\nあ、あの……あの…………,"────!\n아, 저기……저기…………"
プロデューサーさ……\nあ……すごく気持ちよさそう……,프로듀서니……\n아……엄청 기분 좋아보여……
……いつも頑張ってるもんね……\n今はお寝坊さん、しちゃおっか,……항상 열심히 하고 있지……\n지금은 잠꾸러기인 채로 내버려둘까
えへへ……いい夢、見られてるといいな……,에헤헤……좋은 꿈 꾸고 있으면 좋겠다……
わ！　……お、おはよう……！\nプロデューサーさん……！,"와! ……아, 안녕……!\n프로듀서님……!"
……おーい\n鳴ってんぞー……って、寝てんのか,"……어이ー\n울리고 있다고ー……아니, 자고 있는 거냐"
プロデューサー、起きなくていいのかー？　\n……疲れてんのかな,"프로듀서, 안 일어나도 돼ー?　\n……피곤한가"
………………\nいつも、あ、ありが――……,"………………\n항상, 고, 고마――……"
う、うわ……！\n寝てたんじゃないのかよ……！,"우, 우와……!\n자고 있던 거 아니었냐고……!"
プロデューサーさん！\nこれうるさいっす！,프로듀서님!\n이거 시끄럽슴다!
……止めちゃおっと,……멈춰야지
……あ、暗証番号わかんない,"……아, 비밀번호 몰라"
プロデューサーさーん！\nスマホ！　止めるっす～！,프로듀서님ー!\n폰! 멈추시는 검다!
起きたっすね！\nアラーム、切ってほしいっす！,"일어나셨네요!\n알람, 꺼주셨음 함다!"
――あら、プロデューサー？,"――어머, 프로듀서?"
眠ってしまったのかしら\n……ここの所、忙しかったものね,잠들어 버린 걸까\n……요즘 바쁘긴 했지
……あと少ししたら、\n起こしてあげるわね,"……조금만 있다가,\n깨워줄게"
うふふ、プロデューサーおはよう\nよく眠れたかしら？,"우후후, 프로듀서 안녕\n잘 잤어?"
プロデューサー、なんか鳴ってるよ～！\n起きなくていいカンジ～？,"프로듀서, 뭔가 울리고 있어~!\n안 일어나도 되는 느낌~/"
仕事とかあったらヤバいよね……！\n……よし……！,일이 있는 거면 큰일이지……!\n……좋아……!
……ずーっと起きない悪い子は～……\nうちが食べちゃうぞ～♪,……계ー속 안 일어나는 나쁜 아이는~……\n내가 먹어버린다구~♪
おぉ～、起きた起きた～！\nおはよ！　プロデューサー！,"오~, 일어났다 일어났다~!\n안녕! 프로듀서!"
プロデューサーさーん！　今、アラーム音が──\n……あれ？　あっ……！,프로듀서님ー! 지금 알람 소리가──\n……어라? 앗……!
おひるねしてる……\nじゃあ、起きる時間なのかな……？,"낮잠 자고 있어……\n그럼, 일어날 시간이려나……?"
プロデューサーさーん！\n起きてくださーい！,프로듀서님ー!\n일어나주세요ー!
おはようございますっ！\n目覚まし鳴りました！　起きる時間ですー！,안녕하세요!\n알람 울렸어요! 일어날 시간이에요ー!
お疲れ様でした！,수고하셨습니다!
……こんなので『まずまずだ』とか言われると\nもう嫌味にしか聞こえないんですよねー,……이런 걸로 『그런대로 괜찮다』 같은 소리 들으면\n이젠 비꼬는 말로밖에 들리지 않네요ー
ダンスレッスンなんですけど、\n二週間後、お願いしますね！,"댄스 레슨 말인데요,\n2주 후에, 부탁드릴게요!"
どうもです！,감사해요!
えー！　超ありえなくないですか！？,에ー! 완전 말도 안 되지 않나요!?
言われたんですよねー、この前メイクさんに\n遊びで可愛いメイクと、カメラ前で可愛いやつは違うって,"말씀하셨었죠ー, 저번에 메이크업 아티스트분께서\n장난으로 귀여운 메이크업하고, 카메라 앞에서 귀여운 건 다르다고"
というわけで今週、\nビジュアルレッスン入れといてください！,"그러니까 이번 주에,\n비주얼 레슨 넣어주세요!"
というわけで二週間後、\nビジュアルレッスン入れといてください！,"그러니까 2주 뒤에,\n비주얼 레슨 넣어주세요!"
あの、今週って休めます？,"저, 이번 주 쉴 수 있나요?"
────即答できないんならいいですけど\n私だって休みたくてお願いしてるんじゃないので！,────바로 대답하실 수 없는 거면 괜찮은데요\n저도 쉬고 싶어서 부탁드리는 건 아니라서요!
どうです……！？\nなんか……やっぱり違いますよね！,어때요……!?\n뭔가……역시 다르죠!
今、一枚撮っといてくれません！？\n今です、早く！　使えますって、この感じは……！,"지금, 한 장 찍어두실래요!?\n지금요, 빨리! 쓸만하다니까요, 이 느낌……!"
──ぜんっぜん……ダメです,──완전……틀렸어요
今週、ボーカルレッスン入れとかないと\nやばくないです？,이번 주에 보컬 레슨 안 넣으면\n위험하지 않아요?
というわけで一週間後、\nビジュアルレッスン入れといてください！,"그러니까 일주일 뒤에,\n비주얼 레슨 넣어주세요!"
あの、二週間後って休めます？,"저, 2주 뒤에 쉴 수 있나요?"
あの、一週間後って休めます？,"저, 일주일 뒤에 쉴 수 있나요?"
ダンスレッスンなんですけど、\n今週、お願いしますね！,"댄스 레슨 말인데요,\n이번 주에, 부탁드릴게요!"
一週間後、ボーカルレッスン入れとかないと\nやばくないです？,일주일 뒤에 보컬 레슨 안 넣으면\n위험하지 않아요?
二週間後、ボーカルレッスン入れとかないと\nやばくないです？,2주 뒤에 보컬 레슨 안 넣으면\n위험하지 않아요?
ふぅ……！\nやっぱり、やるとやらないとじゃ違いますね！,"후……!\n역시, 해보고 안 해보고는 차이가 있네요!"
帰っておさらいしよっと,돌아가서 복습해야지
ダンスレッスンなんですけど、\n一週間後、お願いしますね！,"댄스 레슨 말인데요,\n일주일 뒤에, 부탁드릴게요!"
あれ？　ダンスレッスン…………,어라? 댄스 레슨…………
いや、できないんだったら言ってほしいんですけど？\n────自主練してきますねー,"아니, 안 되면 안 된다고 말씀해주셨으면 하는데요?\n────자율연습 하고 올게요ー"
……なんていうか、ちょっとびっくりしてます\nえー……私だけなんですかね、焦ってるの────,"……뭐라고 할까, 조금 놀라고 있어요\n에ー……저뿐인 걸까요, 초조해 하는 거────"
────大丈夫ですよ,────괜찮아요
むしろ、『休めてないだろ』とか……\n心配される方が面倒なので,"오히려, 『쉬지 않고 있잖아』 같이……\n걱정하시는 쪽이 더 귀찮아서요"
めっっちゃ声出たと思いません！？,엄청 목소리 나왔다고 생각 안 하세요!? 
あははっ\nほら、レッスンしといてよかったじゃないですかー！,"아하핫\n봐요, 레슨해두길 잘 했잖아요ー!"
あ、お疲れ様でーす,"아, 수고하십니다ー"
休んだ分、一気に取り戻してくんで\nサポートお願いしますねー！,"쉬었던 분량, 단번에 만회할 테니까\n서포트 부탁드릴게요ー!"
────あの、いいです、微妙に励ます言葉とか……,"────저, 괜찮아요, 미묘하게 격려하는 말 같은 건……"
やばいってことくらい、自分でわかってるので,"위험하다는 것 정도는, 저 자신도 알고 있으니까요"
…………えーと\nレッスンできないってことですよね,…………저기ー\n레슨 못 한다는 거죠
うわー……\nこっちは真剣なんですよー……,우와ー……\n이쪽은 진지하다구요ー……
にちか、合格だ！　やったな！,"니치카, 합격이야! 해냈구나"
……は、はい\n合格…………,"……아, 네\n합격…………"
……合格って、合格ってことですかね……？,"……합격은, 합격이란 뜻일까요……?"
ははっ、どういう意味だ？,"하핫, 무슨 의미야?"
合格は合格\nにちかがよく頑張ったってことだよ,합격은 합격\n니치카가 열심히 잘했다는 뜻이야
……っ\nそ、そっかー！　やったぁ……！,"……읏\n그, 그렇구나ー! 해냈어……!"
頑張ったし、\n明日からも頑張れるってことですよね……！,"열심히 했고,\n내일부터도 열심히 할 수 있다는 뜻인 거죠……!"
どうでしたどうでした……！？,어땠어요 어땠어요……!?
おう、上出来\nいい感じだったぞ,"응, 잘했다\n좋은 느낌이었어"
直前にリップ塗り直してもらったんですけど……\nつやつやしてましたかね！？,직전에 립 고쳐 발랐는데……\n반들반들 했었나요!?
ははっ、うん\n口元っていうより、全体に輝いてたよ,"하핫, 응\n입가라기보다, 전체적으로 빛났어"
えーっ\nそういうのじゃなくてーーー！,에ー\n그런 거 말고요ーーー!
パフォーマンスはいいとして、\n初見の人って結局ビジュアルが大きいじゃないですかぁ！,"퍼포먼스는 그렇다 치고,\n처음 보는 사람한테는 결국 비주얼이 크게 작용하잖아요!"
……うーん\n否定するわけじゃないけど、そんなことより────,"……으음ー\n부정하는 건 아니지만, 그런 것보다────"
テレビ、すっごい貴重な機会なんですよ！？\nやれること全部やらないと意味ないですから！,"TV, 엄청나게 귀중한 기회라구요!?\n할 수 있는 거 전부 안 하면 의미가 없으니까요!"
……そっか、うん\nそれはその通りだよ,"……그렇구나, 응\n그건 그 말대로야"
にちかの、そういう真剣な思いは、\n観てる人に絶対伝わってる,"니치카의, 그런 진지한 마음은,\n보는 사람들에게 반드시 전해질 거야"
……思いだけ伝わっても嬉しくないですけどねー,……마음만 전해지는 것도 기쁘진 않은데 말이죠ー
でも、あははっ\n今日はなんか、それでもいいです！,"그치만, 아하핫\n오늘은 뭔가, 그래도 괜찮아요!"
どうでしたどうでしたどうでした！！？？,어땠어요 어땠어요 어땠어요!!??
ははっ、うん\nばっちりじゃないか？　SNSもわりと反応多めだ,"하핫, 응\n깔끔하지 않았어? SNS도 비교적 반응이 많아"
よ、よっし…………！\nじゃ映りは問題なかったとして────,"조, 좋아…………!\n그럼 영상에는 문제 없다고 치고────"
行きましょう、お願いします！,"가죠, 잘 부탁드려요!"
────ん、えっと……？,"────응, 어어……?"
えっとじゃないですよ！　来てたじゃないですか！\nドラマのプロデューサーの人！　21時台のやつの！！,어어가 아니라구요! 오셨잖아요!\n드라마 프로듀서 분! 21시에 하는 거!!
あぁ……挨拶か！\nほんとよくあちこち見えてるなぁ……,아아……인사구나!\n정말 이곳저곳 잘 보고 있네……
ははっ、大丈夫だ。この後ばっちり、\n打ち上げに声掛けてもらえるようになってるから,"하핫, 괜찮아. 이 후에 확실하게,\n뒤풀이 자리에 초대받게 되어 있으니까"
えっ、打ちあ────\nい、言っといてくださいよそういうの……！,"엣, 뒤풀────\n마, 말 좀 해주세요 그런 건……!"
何分後出ます……！？\nメイクし直して……っていうか汗も流したいですーー！！！,몇 분 뒤에 나가요……!?\n메이크업 고치고……아니 그것보다 땀도 닦고 싶어요ーー!!!
たまには、見た目も磨いておかないと\nいけないよね,"가끔은, 겉모습도 꾸미지 않으면\n안 되겠지"
今週、ビジュアルレッスン入れてもいいかな？,"이번 주, 비주얼 레슨 넣어도 괜찮을까?"
そう、ありがとう,"그래, 고마워"
そっか、わかった,"그렇구나, 알았어"
今やってるダンス\nもっと完璧に踊りたいの,지금 하고 있는 댄스\n좀더 완벽하게 추고 싶어
今週、ダンスレッスン入れてもいいかな？,"이번 주, 댄스 레슨 넣어도 괜찮을까?"
今やってる曲、\nもっと完璧に歌いたいの,"지금 하고 있는 곡,\n좀더 완벽하게 부르고 싶어"
二週間後、ボーカルレッスン入れてもいいかな？,"2주 뒤에, 보컬 레슨 넣어도 괜찮을까?"
今日、誕生日だから\nいつもより浮かれているの？,"오늘, 생일이라서\n평소보다 더 신난 거야?"
……ごめんね、そう見えたから\nおめでとう、プロデューサー,"……미안해, 그래 보였으니깐\n축하해, 프로듀서"
一週間後、ダンスレッスン入れてもいいかな？,"다음 주, 댄스 레슨 넣어도 괜찮을까?"
今週、ボーカルレッスン入れてもいいかな？,"이번 주, 보컬 레슨 넣어도 괜찮을까?"
二週間後、ダンスレッスン入れてもいいかな？,"2주 뒤에, 댄스 레슨 넣어도 괜찮을까?"
一週間後、ビジュアルレッスン入れてもいいかな？,"다음 주, 비주얼 레슨 넣어도 괜찮을까?"
うん……ダンス、\n少し上達できたような気がする,응……댄스\n조금 잘할 수 있게 된 것 같아
ありがとう\nダンスレッスン、できてよかった,"고마워\n댄스 레슨, 할 수 있어서 다행이야"
二週間後、ビジュアルレッスン入れてもいいかな？,"2주 뒤에, 비주얼 레슨 넣어도 괜찮을까?"
うん……\n少し変われたような気がする,응……\n조금 바뀐 것 같은 느낌이야
ありがとう\nビジュアルレッスン、できてよかった,"고마워\n비주얼 레슨, 할 수 있어서 다행이야"
一週間後、ボーカルレッスン入れてもいいかな？,"다음 주, 보컬 레슨 넣어도 괜찮을까?"
うん……歌、\n少し上達できたような気がする,"응……노래,\n조금 잘할 수 있게 된 것 같아"
ありがとう\nボーカルレッスン、できてよかった,"고마워\n보컬 레슨, 할 수 있어서 다행이야"
……ビジュアルレッスン、\n約束していたよね？,"……비주얼 레슨,\n약속했었지?"
あれ、していなかったっけ……？,"어라, 안 했었나……?"
ごめんね\n外せない別件が入ってしまったの,미안해\n빠질 수 없는 다른 건이 들어와 버렸어
今週、休みを入れてもいいかな？,"이번 주, 휴가를 넣어도 괜찮을까?"
……ダンスレッスン、\n約束していたよね？,"……댄스 레슨,\n약속했었지?"
もしかして、忘れちゃったの？,"혹시, 잊어버렸어?"
……ボーカルレッスン、\n約束していたよね？,"……보컬 레슨,\n약속했었지?"
スケジュール管理、しっかりしてね,"스케줄 관리, 잘해줘"
……上手くいかなかったみたい,……잘 안 됐나 봐
ごめんね\nこういう失敗、もうしないようにするから,"미안해\n이런 실수, 이제 안 할 테니까"
二週間後、休みを入れてもいいかな？,"2주 뒤에, 휴식 넣어도 괜찮을까?"
急に休みを入れてもらって\nごめんね,갑자기 휴식 넣게 만들어서\n미안해
……ありがとう,……고마워
お疲れ、美琴,"수고했어, 미코토"
良かったぞ！\n安心して見ていられたよ,좋았어!\n안심하고 볼 수 있었어
本当？\nそれならよかったけど,정말?\n그랬으면 다행인데
なんだ、何か気になることでもあったか？,"뭐야, 뭐 신경 쓰이는 부분이라도 있었어?"
ううん\nそうじゃないの,아니\n그런 건 아냐
だけど、\n後で自分でも映像確認したいな,"그래도,\n나중에 직접 영상으로 확인하고 싶은걸"
ああ、そうだな\nそうしよう,"응, 그렇지\n그러자"
それで、次回は\n今回以上に良い姿をみんなに見せよう！,"그래서, 다음엔\n이번 이상으로 좋은 모습을 모두에게 보여주자!"
うん\nそうだね、そうしなきゃ,"응\n그렇지, 그래야겠지"
……こんなところで、\n失敗する訳にはいかないしね,"……이런 곳에서,\n실패할 수는 없으니까 말야"
──プロデューサー\n……どうだった？,──프로듀서\n……어땠어?
あ……おう、美琴！\nいや、良かったよ,"아……응, 미코토!\n이야, 좋았어"
……？\n本当に？,……?\n정말로?
ああ、すまん……\n普通に番組、楽しんで見ちゃっててさ,"그럼, 미안……\n방송을 그냥 평범하게 즐겨버려서"
えっ\nそうだったの？,엣\n그랬어?
プロデューサーとして、しっかり\nチェックしなきゃいけないのに、申し訳ない,"프로듀서로서, 제대로\n체크했어야 되는 건데, 미안해"
ううん、大丈夫\n……でも,"아니야, 괜찮아\n……그치만"
それなら、すごくいい感じだったのかもね\n……よかった,"그럼, 무척 좋은 느낌이었다는 걸지도 모르겠네\n……다행이다"
ああ、良い番組になってたよ,"응, 좋은 방송이 됐어"
きっと、見てくれていた人みんな\n楽しんでくれたと思うぞ！,"분명, 봐준 사람들 모두\n즐겨줬을 거야!"
んふふ～、これ……貰ってよかと？\nありがとうね、プロデューサー,"응후후~, 이거……받아도 된당가?\n고마워야, 프로듀서"
うち、おめでと～って言ってもらえるだけでも\nうれしかとに……贅沢すぎるばい……！,"나, 축하한다고 말혀주는 것만 갖고도\n기쁜디……사치스럽구마잉……!"
お誕生日、おめでとうございます～\n今年も一緒に頑張っていきましょうね～,생일 축하드려요~\n올해도 함께 열심히 해봐요~
七草はづきでした～,나나쿠사 하즈키였습니다~
一週間後、休みを入れてもいいかな？,"일주일 후, 휴식 넣어도 괜찮을까?"
……休みをもらう約束\nしていたよね？,……휴식을 받기로\n약속했었지?
まあ、仕方ないね,"뭐, 어쩔 수 없네"
